L-value,Fe (2TAPL),Fe (4TAPL),"AlmO, int (2TAPL), 1 Acm","AlmO, int (4TAPL), 1 Acm","And, int (2TAPL), 1 Acm","And, int (4TAPL), 1 Acm","AlmO, diff (2TAPL), 1 Acm","AlmO, diff (4TAPL), 1 Acm","And, diff (2TAPL), 1 Acm","And, diff (4TAPL), 1 Acm","AlmO, int (2TAPL), 4 Acm","AlmO, int (4TAPL), 4 Acm","And, int (2TAPL), 4 Acm","And, int (4TAPL), 4 Acm"
184.50000,47,39,11.00000,17.00000,22.00000,26.00000,26.00000,39,27,34,88,115,86,97
184.51000,37,54,16.00000,11.00000,18.00000,31.00000,31.00000,28,21,31,92,123,63,113
184.52000,50,45,13.00000,9.00000,22.00000,17.00000,17.00000,40,19,21,87,118,76,96
184.53000,35,50,13.00000,22.00000,13.00000,28.00000,28.00000,37,18,29,85,114,59,98
184.54000,40,50,16.00000,20.00000,16.00000,23.00000,23.00000,35,17,22,111,132,81,127
184.55000,36,56,19.00000,22.00000,18.00000,35.00000,35.00000,36,15,29,89,135,80,105
184.56000,45,62,18.00000,21.00000,21.00000,17.00000,17.00000,38,21,26,92,127,92,92
184.57000,40,45,18.00000,27.00000,20.00000,18.00000,18.00000,36,12,28,100,137,71,101
184.58000,41,44,13.00000,24.00000,13.00000,33.00000,33.00000,28,11,27,109,133,84,101
184.59000,36,47,9.00000,19.00000,17.00000,30.00000,30.00000,30,18,20,103,129,84,103
184.60000,50,51,16.00000,27.00000,17.00000,26.00000,26.00000,27,19,24,98,134,75,88
184.61000,37,50,10.00000,19.00000,18.00000,23.00000,23.00000,26,23,32,95,129,74,117
184.62000,39,55,14.00000,19.00000,17.00000,32.00000,32.00000,31,21,27,109,122,90,96
184.63000,49,41,9.00000,21.00000,20.00000,27.00000,27.00000,26,17,26,107,108,78,97
184.64000,39,57,17.00000,25.00000,18.00000,26.00000,26.00000,28,15,24,88,152,83,107
184.65000,34,58,16.00000,25.00000,18.00000,27.00000,27.00000,28,19,20,91,126,72,123
184.66000,46,56,12.00000,23.00000,16.00000,33.00000,33.00000,25,19,19,87,128,70,114
184.67000,42,55,13.00000,20.00000,11.00000,26.00000,26.00000,34,28,18,101,130,73,123
184.68000,51,60,19.00000,17.00000,12.00000,27.00000,27.00000,35,24,33,103,121,99,102
184.69000,42,52,22.00000,13.00000,18.00000,27.00000,27.00000,23,17,22,96,126,63,103
184.70000,46,49,19.00000,22.00000,24.00000,35.00000,35.00000,27,15,21,116,128,82,109
184.71000,34,50,18.00000,13.00000,16.00000,30.00000,30.00000,42,15,25,87,125,87,99
184.72000,38,58,19.00000,24.00000,27.00000,32.00000,32.00000,32,14,18,96,116,72,105
184.73000,40,55,11.00000,26.00000,22.00000,25.00000,25.00000,39,13,20,99,144,77,101
184.74000,45,62,17.00000,14.00000,19.00000,19.00000,19.00000,34,18,30,100,119,91,99
184.75000,33,51,7.00000,13.00000,24.00000,42.00000,42.00000,33,16,28,91,147,73,130
184.76000,48,42,20.00000,21.00000,25.00000,38.00000,38.00000,30,20,28,115,135,70,88
184.77000,43,44,16.00000,15.00000,24.00000,29.00000,29.00000,29,16,27,87,163,74,108
184.78000,39,53,19.00000,11.00000,20.00000,37.00000,37.00000,36,12,31,103,139,83,110
184.79000,32,46,17.00000,23.00000,30.00000,33.00000,33.00000,33,22,22,107,124,75,99
184.80000,37,58,18.00000,18.00000,21.00000,30.00000,30.00000,31,23,29,108,130,84,117
184.81000,38,45,22.00000,15.00000,25.00000,33.00000,33.00000,54,21,18,98,139,74,121
184.82000,35,48,12.00000,16.00000,21.00000,33.00000,33.00000,29,18,26,102,144,74,111
184.83000,35,50,20.00000,21.00000,18.00000,39.00000,39.00000,37,22,28,95,120,68,106
184.84000,37,45,17.00000,20.00000,25.00000,32.00000,32.00000,30,20,27,102,135,80,92
184.85000,38,47,14.00000,18.00000,27.00000,30.00000,30.00000,27,15,31,99,130,89,106
184.86000,36,69,20.00000,16.00000,27.00000,38.00000,38.00000,33,17,27,93,151,84,119
184.87000,46,50,14.00000,22.00000,31.00000,38.00000,38.00000,32,8,36,96,130,70,100
184.88000,31,50,18.00000,20.00000,21.00000,20.00000,20.00000,37,17,21,100,139,85,119
184.89000,40,67,19.00000,16.00000,18.00000,23.00000,23.00000,38,13,30,101,132,79,103
184.90000,40,61,18.00000,23.00000,22.00000,37.00000,37.00000,35,22,23,82,133,84,111
184.91000,47,57,21.00000,21.00000,16.00000,48.00000,48.00000,29,17,30,95,119,71,102
184.92000,46,39,15.00000,26.00000,24.00000,41.00000,41.00000,34,19,28,131,132,82,104
184.93000,50,56,14.00000,29.00000,20.00000,30.00000,30.00000,28,16,29,93,130,78,118
184.94000,38,61,18.00000,29.00000,25.00000,46.00000,46.00000,27,21,20,101,127,79,100
184.95000,40,55,12.00000,20.00000,29.00000,48.00000,48.00000,41,16,34,93,134,79,104
184.96000,39,65,12.00000,17.00000,29.00000,32.00000,32.00000,31,14,21,101,121,64,109
184.97000,41,60,16.00000,28.00000,27.00000,35.00000,35.00000,26,23,25,104,142,92,100
184.98000,36,43,13.00000,23.00000,29.00000,21.00000,21.00000,29,17,26,81,138,75,117
184.99000,44,44,13.00000,25.00000,34.00000,27.00000,27.00000,33,21,31,91,130,65,122
185.00000,50,47,18.00000,17.00000,22.00000,29.00000,29.00000,30,27,34,78,129,97,107
185.01000,39,59,22.00000,25.00000,19.00000,35.00000,35.00000,37,23,27,89,135,62,116
185.02000,38,45,16.00000,20.00000,24.00000,42.00000,42.00000,35,20,38,105,147,71,89
185.03000,43,39,16.00000,29.00000,32.00000,30.00000,30.00000,32,13,26,87,156,83,103
185.04000,49,58,18.00000,29.00000,25.00000,30.00000,30.00000,38,21,33,106,141,76,100
185.05000,26,50,17.00000,19.00000,24.00000,19.00000,19.00000,27,29,35,90,140,78,111
185.06000,37,56,17.00000,17.00000,32.00000,34.00000,34.00000,35,22,32,107,151,83,93
185.07000,39,60,23.00000,27.00000,26.00000,56.00000,56.00000,29,24,33,102,117,77,117
185.08000,50,54,10.00000,23.00000,28.00000,32.00000,32.00000,33,18,25,101,154,72,109
185.09000,33,47,11.00000,24.00000,28.00000,29.00000,29.00000,30,20,35,101,129,95,107
185.10000,45,49,24.00000,22.00000,27.00000,30.00000,30.00000,35,19,36,85,115,66,111
185.11000,36,63,16.00000,29.00000,23.00000,38.00000,38.00000,31,27,25,101,141,84,101
185.12000,38,55,22.00000,27.00000,33.00000,43.00000,43.00000,32,17,20,99,144,84,114
185.13000,38,51,25.00000,32.00000,34.00000,39.00000,39.00000,38,18,35,106,119,82,91
185.14000,50,63,19.00000,27.00000,24.00000,25.00000,25.00000,40,22,25,101,144,85,117
185.15000,41,53,28.00000,24.00000,28.00000,41.00000,41.00000,50,13,41,98,130,85,130
185.16000,39,51,13.00000,24.00000,32.00000,30.00000,30.00000,38,20,31,92,123,98,135
185.17000,40,61,20.00000,27.00000,39.00000,37.00000,37.00000,30,9,28,113,125,60,114
185.18000,41,44,24.00000,25.00000,18.00000,37.00000,37.00000,41,18,31,93,131,84,107
185.19000,43,57,23.00000,28.00000,40.00000,28.00000,28.00000,27,11,37,88,127,80,110
185.20000,43,52,22.00000,24.00000,34.00000,41.00000,41.00000,27,16,25,110,139,74,109
185.21000,40,54,22.00000,33.00000,31.00000,43.00000,43.00000,36,27,20,112,135,78,117
185.22000,46,43,25.00000,35.00000,32.00000,44.00000,44.00000,28,8,19,118,121,85,108
185.23000,43,63,11.00000,35.00000,39.00000,37.00000,37.00000,27,22,26,106,113,80,112
185.24000,41,54,19.00000,24.00000,38.00000,58.00000,58.00000,36,10,31,82,143,70,113
185.25000,25,43,17.00000,17.00000,15.00000,45.00000,45.00000,29,19,30,95,126,76,128
185.26000,41,54,21.00000,31.00000,22.00000,49.00000,49.00000,33,16,28,100,150,103,135
185.27000,49,55,27.00000,28.00000,25.00000,46.00000,46.00000,29,19,35,101,139,88,113
185.28000,36,47,23.00000,27.00000,25.00000,33.00000,33.00000,35,19,21,91,129,76,121
185.29000,40,50,22.00000,19.00000,37.00000,43.00000,43.00000,29,19,30,95,115,81,117
185.30000,36,64,20.00000,27.00000,39.00000,47.00000,47.00000,41,24,28,84,131,75,115
185.31000,44,55,16.00000,26.00000,33.00000,41.00000,41.00000,42,22,22,101,137,111,112
185.32000,46,59,18.00000,26.00000,22.00000,33.00000,33.00000,36,17,27,103,155,80,137
185.33000,32,61,21.00000,27.00000,36.00000,36.00000,36.00000,36,29,29,101,160,74,132
185.34000,43,59,22.00000,24.00000,24.00000,53.00000,53.00000,24,11,23,85,144,74,133
185.35000,43,66,25.00000,34.00000,31.00000,32.00000,32.00000,32,26,28,114,155,89,121
185.36000,45,46,17.00000,20.00000,26.00000,47.00000,47.00000,31,22,18,111,137,91,123
185.37000,33,57,26.00000,26.00000,38.00000,28.00000,28.00000,33,17,43,91,121,95,120
185.38000,60,47,27.00000,34.00000,30.00000,57.00000,57.00000,36,23,21,95,133,80,121
185.39000,41,54,24.00000,49.00000,41.00000,40.00000,40.00000,21,30,22,111,127,73,139
185.40000,45,73,16.00000,33.00000,27.00000,50.00000,50.00000,33,23,30,96,137,75,124
185.41000,52,50,27.00000,17.00000,37.00000,37.00000,37.00000,32,22,23,113,140,70,111
185.42000,34,63,25.00000,43.00000,29.00000,33.00000,33.00000,42,24,32,113,122,93,129
185.43000,44,41,22.00000,25.00000,35.00000,44.00000,44.00000,39,25,25,90,140,81,128
185.44000,35,54,19.00000,35.00000,27.00000,58.00000,58.00000,33,16,40,101,134,85,112
185.45000,45,46,16.00000,34.00000,22.00000,36.00000,36.00000,35,19,27,105,110,82,113
185.46000,41,45,26.00000,35.00000,35.00000,49.00000,49.00000,40,21,21,88,144,87,146
185.47000,54,49,23.00000,21.00000,34.00000,53.00000,53.00000,29,26,17,97,160,84,125
185.48000,41,55,22.00000,29.00000,35.00000,57.00000,57.00000,34,26,34,123,144,88,116
185.49000,37,49,29.00000,28.00000,32.00000,47.00000,47.00000,36,15,28,93,153,89,101
185.50000,34,64,28.00000,27.00000,40.00000,49.00000,49.00000,29,12,25,114,147,87,141
185.51000,36,53,28.00000,37.00000,41.00000,38.00000,38.00000,34,19,35,103,134,79,117
185.52000,37,62,20.00000,25.00000,31.00000,53.00000,53.00000,29,18,33,106,138,84,115
185.53000,51,53,19.00000,36.00000,44.00000,63.00000,63.00000,28,22,33,100,138,95,105
185.54000,48,70,22.00000,27.00000,41.00000,58.00000,58.00000,37,28,26,110,142,79,98
185.55000,40,57,30.00000,38.00000,29.00000,50.00000,50.00000,31,22,22,104,134,77,120
185.56000,40,56,20.00000,37.00000,32.00000,57.00000,57.00000,32,17,27,109,139,82,112
185.57000,32,67,21.00000,36.00000,27.00000,46.00000,46.00000,33,16,26,121,142,85,113
185.58000,44,56,15.00000,32.00000,26.00000,50.00000,50.00000,40,17,43,117,133,99,101
185.59000,51,50,21.00000,24.00000,30.00000,45.00000,45.00000,41,15,27,83,136,68,128
185.60000,47,46,30.00000,30.00000,32.00000,49.00000,49.00000,40,21,21,106,149,80,121
185.61000,36,55,33.00000,35.00000,37.00000,48.00000,48.00000,33,13,22,100,139,80,116
185.62000,36,49,30.00000,34.00000,32.00000,47.00000,47.00000,41,26,24,114,152,78,132
185.63000,47,50,27.00000,33.00000,38.00000,50.00000,50.00000,24,34,25,95,137,100,108
185.64000,48,55,27.00000,32.00000,37.00000,48.00000,48.00000,36,16,28,104,143,88,119
185.65000,47,55,22.00000,27.00000,43.00000,48.00000,48.00000,35,20,16,99,133,75,129
185.66000,43,43,21.00000,36.00000,38.00000,56.00000,56.00000,44,19,47,107,118,81,111
185.67000,48,45,26.00000,38.00000,45.00000,52.00000,52.00000,32,18,36,101,135,91,99
185.68000,36,48,27.00000,44.00000,32.00000,53.00000,53.00000,47,18,36,87,112,75,129
185.69000,35,61,23.00000,50.00000,33.00000,49.00000,49.00000,30,15,38,86,152,87,115
185.70000,57,47,33.00000,31.00000,34.00000,55.00000,55.00000,35,13,25,106,152,96,128
185.71000,33,62,26.00000,39.00000,40.00000,57.00000,57.00000,34,18,27,102,166,92,134
185.72000,40,56,20.00000,47.00000,43.00000,60.00000,60.00000,47,16,32,98,128,76,104
185.73000,36,58,28.00000,38.00000,36.00000,47.00000,47.00000,39,19,17,95,144,97,133
185.74000,53,71,34.00000,27.00000,42.00000,42.00000,42.00000,27,19,24,112,143,78,127
185.75000,35,51,23.00000,25.00000,44.00000,52.00000,52.00000,35,28,29,118,138,90,138
185.76000,35,66,24.00000,37.00000,38.00000,49.00000,49.00000,36,27,34,99,151,95,134
185.77000,34,62,23.00000,32.00000,41.00000,50.00000,50.00000,34,17,32,104,152,84,128
185.78000,43,51,30.00000,38.00000,49.00000,50.00000,50.00000,39,23,20,110,162,89,108
185.79000,41,65,20.00000,29.00000,39.00000,47.00000,47.00000,29,18,34,105,145,74,118
185.80000,47,60,26.00000,50.00000,46.00000,52.00000,52.00000,38,20,34,119,152,105,133
185.81000,40,58,29.00000,34.00000,30.00000,65.00000,65.00000,40,16,29,92,133,87,116
185.82000,36,58,41.00000,38.00000,43.00000,60.00000,60.00000,35,17,29,106,158,77,137
185.83000,34,55,31.00000,34.00000,52.00000,55.00000,55.00000,37,19,31,104,158,77,122
185.84000,44,64,33.00000,38.00000,49.00000,61.00000,61.00000,38,17,23,95,145,91,122
185.85000,38,46,37.00000,43.00000,36.00000,55.00000,55.00000,43,18,30,104,148,82,110
185.86000,52,41,26.00000,43.00000,38.00000,50.00000,50.00000,28,29,24,97,159,89,137
185.87000,29,54,30.00000,45.00000,44.00000,59.00000,59.00000,35,14,42,91,161,90,116
185.88000,50,55,38.00000,37.00000,43.00000,46.00000,46.00000,35,16,30,70,151,88,121
185.89000,35,65,32.00000,37.00000,46.00000,57.00000,57.00000,36,20,32,87,122,79,98
185.90000,48,66,18.00000,39.00000,48.00000,48.00000,48.00000,27,26,26,94,158,81,123
185.91000,43,50,22.00000,48.00000,30.00000,55.00000,55.00000,35,20,26,95,137,92,131
185.92000,41,62,30.00000,21.00000,47.00000,55.00000,55.00000,28,18,37,113,146,65,139
185.93000,50,50,25.00000,57.00000,41.00000,59.00000,59.00000,47,25,37,110,149,87,126
185.94000,51,57,26.00000,41.00000,39.00000,57.00000,57.00000,31,13,28,112,137,96,141
185.95000,49,54,30.00000,36.00000,52.00000,58.00000,58.00000,39,19,37,111,151,89,127
185.96000,42,64,26.00000,35.00000,41.00000,55.00000,55.00000,42,27,36,110,132,99,148
185.97000,49,61,24.00000,51.00000,51.00000,63.00000,63.00000,39,16,32,123,147,83,128
185.98000,30,57,28.00000,42.00000,40.00000,53.00000,53.00000,35,27,44,95,149,87,145
185.99000,31,48,30.00000,48.00000,38.00000,55.00000,55.00000,30,17,34,97,159,81,139
186.00000,39,70,19.00000,43.00000,56.00000,54.00000,54.00000,43,19,41,116,136,82,159
186.01000,33,57,29.00000,57.00000,48.00000,74.00000,74.00000,42,28,31,98,154,95,151
186.02000,32,62,29.00000,36.00000,53.00000,39.00000,39.00000,35,24,41,117,143,79,108
186.03000,43,52,29.00000,35.00000,46.00000,60.00000,60.00000,39,18,31,94,136,85,130
186.04000,49,55,37.00000,38.00000,50.00000,53.00000,53.00000,34,21,36,103,144,76,121
186.05000,36,49,33.00000,37.00000,40.00000,60.00000,60.00000,58,18,38,113,175,77,154
186.06000,38,44,24.00000,39.00000,42.00000,55.00000,55.00000,46,20,42,117,171,83,119
186.07000,46,52,29.00000,44.00000,46.00000,48.00000,48.00000,36,26,26,108,152,89,139
186.08000,33,52,37.00000,49.00000,49.00000,55.00000,55.00000,35,14,34,101,163,95,145
186.09000,45,57,34.00000,47.00000,45.00000,51.00000,51.00000,35,11,36,115,151,78,112
186.10000,52,50,30.00000,46.00000,50.00000,55.00000,55.00000,37,18,29,111,149,88,140
186.11000,46,54,20.00000,55.00000,37.00000,68.00000,68.00000,42,16,27,105,172,84,156
186.12000,38,72,29.00000,35.00000,39.00000,69.00000,69.00000,40,19,44,114,150,80,124
186.13000,50,41,45.00000,46.00000,51.00000,63.00000,63.00000,49,18,39,97,150,83,149
186.14000,43,53,30.00000,35.00000,46.00000,67.00000,67.00000,37,18,37,113,135,99,138
186.15000,44,50,41.00000,46.00000,52.00000,57.00000,57.00000,35,29,28,105,164,90,138
186.16000,25,62,35.00000,54.00000,42.00000,71.00000,71.00000,40,17,35,105,149,86,125
186.17000,42,48,36.00000,44.00000,51.00000,72.00000,72.00000,21,20,35,100,136,89,120
186.18000,41,53,34.00000,48.00000,58.00000,76.00000,76.00000,31,22,37,97,145,89,141
186.19000,43,61,39.00000,50.00000,45.00000,61.00000,61.00000,41,22,38,113,147,82,128
186.20000,43,62,43.00000,62.00000,50.00000,67.00000,67.00000,31,18,27,101,154,87,151
186.21000,51,57,32.00000,37.00000,53.00000,61.00000,61.00000,35,24,35,100,156,92,123
186.22000,44,56,30.00000,46.00000,51.00000,67.00000,67.00000,31,31,35,104,157,81,144
186.23000,44,45,25.00000,48.00000,55.00000,65.00000,65.00000,40,23,34,118,147,82,134
186.24000,32,60,41.00000,42.00000,51.00000,68.00000,68.00000,38,27,36,93,143,84,154
186.25000,52,50,42.00000,42.00000,44.00000,73.00000,73.00000,37,18,26,102,183,93,139
186.26000,41,67,33.00000,44.00000,56.00000,69.00000,69.00000,33,29,36,98,153,89,154
186.27000,39,49,41.00000,40.00000,40.00000,71.00000,71.00000,45,11,30,120,141,78,152
186.28000,51,44,28.00000,48.00000,44.00000,59.00000,59.00000,35,12,31,108,130,86,142
186.29000,52,58,42.00000,57.00000,53.00000,70.00000,70.00000,33,21,39,95,172,89,156
186.30000,43,61,40.00000,67.00000,44.00000,83.00000,83.00000,48,22,32,107,169,78,125
186.31000,44,61,34.00000,52.00000,50.00000,71.00000,71.00000,56,32,39,97,158,91,144
186.32000,38,69,33.00000,53.00000,47.00000,78.00000,78.00000,37,25,36,126,163,91,143
186.33000,51,57,34.00000,50.00000,46.00000,68.00000,68.00000,42,18,41,96,154,86,155
186.34000,44,58,43.00000,52.00000,50.00000,82.00000,82.00000,29,20,46,111,153,92,120
186.35000,37,55,35.00000,56.00000,51.00000,75.00000,75.00000,51,26,34,106,136,87,149
186.36000,39,62,41.00000,42.00000,46.00000,65.00000,65.00000,41,20,35,128,163,98,146
186.37000,51,61,34.00000,36.00000,46.00000,74.00000,74.00000,33,18,35,129,142,89,143
186.38000,38,49,47.00000,54.00000,48.00000,76.00000,76.00000,34,16,28,96,138,82,149
186.39000,50,48,26.00000,44.00000,61.00000,88.00000,88.00000,34,21,44,108,162,104,138
186.40000,41,77,35.00000,37.00000,41.00000,73.00000,73.00000,32,20,36,87,150,91,128
186.41000,52,59,44.00000,49.00000,52.00000,61.00000,61.00000,47,22,44,99,166,87,153
186.42000,38,59,31.00000,54.00000,62.00000,62.00000,62.00000,48,19,27,115,158,95,121
186.43000,45,52,26.00000,64.00000,60.00000,83.00000,83.00000,33,23,46,103,149,109,169
186.44000,40,71,31.00000,58.00000,54.00000,85.00000,85.00000,44,22,29,111,172,74,133
186.45000,40,56,34.00000,57.00000,51.00000,77.00000,77.00000,48,23,39,110,160,78,144
186.46000,37,44,38.00000,58.00000,56.00000,78.00000,78.00000,46,25,30,114,167,76,144
186.47000,44,54,37.00000,49.00000,52.00000,88.00000,88.00000,32,17,37,97,128,79,163
186.48000,37,74,42.00000,57.00000,56.00000,68.00000,68.00000,44,23,32,97,156,102,130
186.49000,49,52,29.00000,52.00000,57.00000,83.00000,83.00000,27,22,36,102,149,95,158
186.50000,32,62,40.00000,57.00000,55.00000,89.00000,89.00000,48,37,32,102,169,91,142
186.51000,61,51,34.00000,45.00000,70.00000,97.00000,97.00000,36,30,34,113,166,84,157
186.52000,54,61,41.00000,53.00000,42.00000,102.00000,102.00000,36,25,37,114,166,98,144
186.53000,55,60,48.00000,53.00000,59.00000,79.00000,79.00000,35,16,48,130,146,108,143
186.54000,57,50,37.00000,66.00000,50.00000,75.00000,75.00000,44,20,41,123,143,88,149
186.55000,54,58,38.00000,54.00000,44.00000,70.00000,70.00000,41,16,44,118,161,89,155
186.56000,41,60,35.00000,50.00000,65.00000,98.00000,98.00000,45,17,37,113,149,74,160
186.57000,41,65,48.00000,73.00000,59.00000,82.00000,82.00000,38,24,34,110,128,102,174
186.58000,57,50,41.00000,68.00000,52.00000,73.00000,73.00000,24,20,39,123,192,87,145
186.59000,49,61,44.00000,75.00000,69.00000,67.00000,67.00000,45,15,37,103,170,92,140
186.60000,54,59,30.00000,60.00000,59.00000,89.00000,89.00000,55,25,41,118,163,79,141
186.61000,43,63,36.00000,44.00000,66.00000,76.00000,76.00000,45,16,40,99,156,81,160
186.62000,34,57,39.00000,62.00000,67.00000,77.00000,77.00000,41,15,28,120,145,80,147
186.63000,43,56,40.00000,54.00000,68.00000,84.00000,84.00000,39,21,38,134,151,97,136
186.64000,46,65,33.00000,55.00000,58.00000,80.00000,80.00000,34,26,35,106,179,91,140
186.65000,44,58,39.00000,70.00000,64.00000,82.00000,82.00000,35,14,39,120,149,107,149
186.66000,42,73,25.00000,79.00000,66.00000,72.00000,72.00000,37,16,32,107,159,99,168
186.67000,48,46,39.00000,65.00000,60.00000,91.00000,91.00000,44,17,37,104,171,102,152
186.68000,37,54,52.00000,63.00000,62.00000,113.00000,113.00000,46,26,34,109,141,112,169
186.69000,28,61,33.00000,71.00000,58.00000,79.00000,79.00000,45,28,42,120,157,90,147
186.70000,39,44,39.00000,77.00000,67.00000,74.00000,74.00000,37,39,49,104,188,91,159
186.71000,40,74,39.00000,70.00000,53.00000,95.00000,95.00000,39,24,42,114,182,84,138
186.72000,37,60,44.00000,88.00000,63.00000,93.00000,93.00000,36,29,37,117,172,100,148
186.73000,53,69,41.00000,74.00000,57.00000,106.00000,106.00000,49,30,37,119,139,101,144
186.74000,48,57,44.00000,77.00000,63.00000,97.00000,97.00000,38,30,52,107,164,98,157
186.75000,49,59,54.00000,70.00000,62.00000,101.00000,101.00000,30,18,38,124,148,89,175
186.76000,60,70,49.00000,66.00000,75.00000,82.00000,82.00000,42,30,44,122,164,95,165
186.77000,39,49,44.00000,72.00000,74.00000,80.00000,80.00000,39,31,29,107,167,97,145
186.78000,45,59,42.00000,67.00000,83.00000,95.00000,95.00000,42,30,28,123,176,90,149
186.79000,41,62,51.00000,83.00000,85.00000,98.00000,98.00000,50,35,41,113,178,103,156
186.80000,41,55,46.00000,81.00000,66.00000,107.00000,107.00000,42,23,36,125,172,91,156
186.81000,40,56,49.00000,61.00000,74.00000,91.00000,91.00000,40,25,34,112,173,89,148
186.82000,44,49,42.00000,87.00000,70.00000,117.00000,117.00000,46,31,50,118,166,89,163
186.83000,31,59,66.00000,72.00000,71.00000,94.00000,94.00000,46,19,40,113,154,94,159
186.84000,32,54,39.00000,71.00000,72.00000,116.00000,116.00000,41,31,34,118,163,99,174
186.85000,35,45,39.00000,86.00000,57.00000,107.00000,107.00000,38,18,33,105,159,104,166
186.86000,54,67,46.00000,101.00000,58.00000,95.00000,95.00000,50,25,40,117,168,105,166
186.87000,51,59,45.00000,82.00000,72.00000,106.00000,106.00000,38,26,34,124,146,93,174
186.88000,49,55,42.00000,74.00000,77.00000,107.00000,107.00000,34,26,40,116,173,89,161
186.89000,36,48,44.00000,98.00000,60.00000,112.00000,112.00000,46,34,38,125,179,100,153
186.90000,38,58,38.00000,77.00000,80.00000,108.00000,108.00000,56,22,37,114,169,115,174
186.91000,31,66,50.00000,75.00000,66.00000,104.00000,104.00000,30,23,45,119,161,100,161
186.92000,42,83,49.00000,72.00000,63.00000,117.00000,117.00000,33,30,42,123,163,106,164
186.93000,43,48,46.00000,80.00000,70.00000,135.00000,135.00000,52,30,44,101,176,102,143
186.94000,46,62,50.00000,85.00000,69.00000,116.00000,116.00000,53,19,42,122,176,102,168
186.95000,42,64,55.00000,89.00000,83.00000,124.00000,124.00000,56,18,33,113,177,109,185
186.96000,45,76,47.00000,74.00000,86.00000,119.00000,119.00000,41,18,42,111,129,86,167
186.97000,40,71,38.00000,88.00000,67.00000,108.00000,108.00000,40,24,40,116,170,107,157
186.98000,52,62,54.00000,83.00000,76.00000,116.00000,116.00000,29,23,33,120,172,109,159
186.99000,34,71,49.00000,91.00000,77.00000,123.00000,123.00000,38,38,40,99,182,110,158
187.00000,48,69,45.00000,85.00000,85.00000,144.00000,144.00000,41,23,38,131,191,109,173
187.01000,46,69,63.00000,96.00000,64.00000,153.00000,153.00000,43,32,51,125,139,124,190
187.02000,41,59,38.00000,101.00000,81.00000,130.00000,130.00000,34,25,47,114,188,96,164
187.03000,46,55,53.00000,123.00000,76.00000,142.00000,142.00000,55,23,39,113,181,105,156
187.04000,38,68,56.00000,93.00000,79.00000,118.00000,118.00000,51,26,49,112,159,114,177
187.05000,42,57,53.00000,82.00000,80.00000,143.00000,143.00000,37,27,32,134,166,90,187
187.06000,39,71,50.00000,109.00000,78.00000,150.00000,150.00000,49,29,50,111,172,102,174
187.07000,47,72,49.00000,97.00000,81.00000,149.00000,149.00000,33,29,34,122,175,107,173
187.08000,48,61,51.00000,93.00000,82.00000,130.00000,130.00000,40,25,37,127,171,122,167
187.09000,37,53,52.00000,94.00000,70.00000,141.00000,141.00000,32,27,33,134,192,90,161
187.10000,30,55,55.00000,113.00000,86.00000,163.00000,163.00000,47,15,47,109,169,103,174
187.11000,52,49,55.00000,106.00000,90.00000,157.00000,157.00000,43,30,54,120,183,104,174
187.12000,54,67,66.00000,115.00000,89.00000,168.00000,168.00000,41,29,49,132,176,96,200
187.13000,46,64,58.00000,97.00000,69.00000,157.00000,157.00000,36,26,46,124,180,100,175
187.14000,42,52,65.00000,114.00000,76.00000,179.00000,179.00000,44,23,45,99,172,106,180
187.15000,46,54,59.00000,96.00000,93.00000,161.00000,161.00000,39,29,49,120,178,90,187
187.16000,45,67,55.00000,99.00000,88.00000,147.00000,147.00000,39,17,42,134,171,97,165
187.17000,53,51,72.00000,131.00000,95.00000,150.00000,150.00000,50,30,31,135,181,96,170
187.18000,44,60,66.00000,112.00000,81.00000,167.00000,167.00000,39,28,40,106,153,97,186
187.19000,43,62,59.00000,117.00000,77.00000,164.00000,164.00000,39,23,41,114,178,112,162
187.20000,58,65,68.00000,96.00000,110.00000,184.00000,184.00000,34,25,51,114,146,92,155
187.21000,54,52,72.00000,118.00000,105.00000,177.00000,177.00000,47,28,39,110,178,97,179
187.22000,47,71,59.00000,105.00000,108.00000,175.00000,175.00000,52,27,49,137,181,116,157
187.23000,49,47,65.00000,111.00000,92.00000,194.00000,194.00000,47,38,37,121,186,93,171
187.24000,47,64,58.00000,140.00000,94.00000,177.00000,177.00000,45,20,45,141,212,102,169
187.25000,43,61,66.00000,145.00000,121.00000,156.00000,156.00000,34,25,46,107,168,101,181
187.26000,39,67,49.00000,130.00000,110.00000,189.00000,189.00000,39,22,39,103,180,102,178
187.27000,52,69,60.00000,125.00000,121.00000,204.00000,204.00000,36,27,37,114,183,123,188
187.28000,46,61,63.00000,154.00000,103.00000,200.00000,200.00000,39,32,53,113,163,111,186
187.29000,35,61,79.00000,132.00000,100.00000,193.00000,193.00000,40,23,51,122,168,125,182
187.30000,35,50,88.00000,125.00000,108.00000,206.00000,206.00000,45,26,37,117,173,105,188
187.31000,36,51,81.00000,142.00000,131.00000,212.00000,212.00000,59,30,49,113,153,105,201
187.32000,43,55,83.00000,162.00000,112.00000,209.00000,209.00000,39,26,48,118,190,99,168
187.33000,39,56,75.00000,131.00000,122.00000,224.00000,224.00000,43,17,51,112,173,113,181
187.34000,47,68,80.00000,150.00000,110.00000,214.00000,214.00000,48,24,51,123,190,90,180
187.35000,39,69,70.00000,145.00000,115.00000,231.00000,231.00000,42,24,49,112,169,117,164
187.36000,60,64,78.00000,162.00000,114.00000,218.00000,218.00000,53,22,46,136,195,116,171
187.37000,51,63,70.00000,141.00000,139.00000,232.00000,232.00000,45,28,49,121,183,116,166
187.38000,44,74,96.00000,164.00000,117.00000,233.00000,233.00000,48,33,49,138,187,101,196
187.39000,64,59,93.00000,162.00000,119.00000,233.00000,233.00000,40,35,43,109,160,109,185
187.40000,62,73,92.00000,139.00000,130.00000,234.00000,234.00000,55,19,32,141,178,134,183
187.41000,49,60,95.00000,158.00000,131.00000,218.00000,218.00000,48,22,43,144,176,106,194
187.42000,45,65,80.00000,137.00000,146.00000,230.00000,230.00000,45,16,52,105,189,105,180
187.43000,37,59,97.00000,161.00000,123.00000,269.00000,269.00000,42,35,45,110,172,129,191
187.44000,44,57,103.00000,142.00000,138.00000,269.00000,269.00000,44,26,59,132,178,122,187
187.45000,47,61,78.00000,150.00000,113.00000,237.00000,237.00000,45,22,44,114,193,99,192
187.46000,40,68,87.00000,163.00000,125.00000,230.00000,230.00000,46,20,50,113,167,123,190
187.47000,47,62,88.00000,170.00000,132.00000,254.00000,254.00000,51,37,46,140,186,128,196
187.48000,46,76,98.00000,148.00000,147.00000,244.00000,244.00000,34,31,45,126,175,116,177
187.49000,46,72,94.00000,184.00000,119.00000,278.00000,278.00000,55,27,41,124,181,125,179
187.50000,49,71,117.00000,170.00000,154.00000,276.00000,276.00000,46,26,40,106,181,99,182
187.51000,50,64,100.00000,144.00000,136.00000,277.00000,277.00000,45,25,44,106,185,123,198
187.52000,41,67,126.00000,171.00000,156.00000,235.00000,235.00000,45,27,38,127,200,126,168
187.53000,44,68,123.00000,186.00000,163.00000,284.00000,284.00000,55,27,44,124,198,106,178
187.54000,43,55,105.00000,154.00000,141.00000,278.00000,278.00000,62,35,46,140,186,106,170
187.55000,43,75,99.00000,192.00000,133.00000,284.00000,284.00000,38,37,44,102,181,106,214
187.56000,40,67,103.00000,168.00000,170.00000,265.00000,265.00000,41,32,61,148,205,111,190
187.57000,46,69,124.00000,178.00000,154.00000,283.00000,283.00000,39,22,42,101,177,98,191
187.58000,37,76,117.00000,191.00000,186.00000,303.00000,303.00000,41,23,44,126,214,122,192
187.59000,47,70,116.00000,178.00000,195.00000,275.00000,275.00000,51,25,45,137,177,132,189
187.60000,38,58,133.00000,187.00000,170.00000,239.00000,239.00000,45,26,65,127,175,112,207
187.61000,44,82,125.00000,165.00000,171.00000,298.00000,298.00000,47,29,43,126,182,109,172
187.62000,58,50,124.00000,177.00000,181.00000,291.00000,291.00000,37,26,42,138,188,105,171
187.63000,40,68,99.00000,179.00000,204.00000,306.00000,306.00000,42,37,49,116,192,111,207
187.64000,49,70,109.00000,177.00000,175.00000,276.00000,276.00000,43,24,43,137,188,114,183
187.65000,51,59,98.00000,210.00000,164.00000,261.00000,261.00000,43,14,54,117,186,113,180
187.66000,45,52,129.00000,204.00000,209.00000,279.00000,279.00000,40,25,63,150,178,141,191
187.67000,38,74,117.00000,189.00000,192.00000,283.00000,283.00000,48,27,46,134,193,125,201
187.68000,53,69,139.00000,198.00000,181.00000,282.00000,282.00000,58,26,54,116,192,135,196
187.69000,51,70,115.00000,182.00000,189.00000,292.00000,292.00000,44,28,49,117,184,127,205
187.70000,54,78,110.00000,197.00000,182.00000,278.00000,278.00000,49,27,41,138,203,108,210
187.71000,46,79,128.00000,191.00000,238.00000,275.00000,275.00000,35,25,53,121,179,120,210
187.72000,45,62,124.00000,201.00000,201.00000,288.00000,288.00000,54,33,36,126,184,97,209
187.73000,60,73,108.00000,192.00000,202.00000,299.00000,299.00000,57,32,45,106,204,110,184
187.74000,46,66,136.00000,180.00000,206.00000,302.00000,302.00000,42,27,58,126,194,113,203
187.75000,40,63,131.00000,192.00000,226.00000,285.00000,285.00000,51,28,45,132,181,125,200
187.76000,48,62,148.00000,193.00000,222.00000,289.00000,289.00000,46,21,63,92,176,130,202
187.77000,54,83,152.00000,176.00000,220.00000,309.00000,309.00000,47,32,51,110,209,132,214
187.78000,49,70,144.00000,198.00000,209.00000,301.00000,301.00000,37,28,58,118,204,112,190
187.79000,52,72,123.00000,184.00000,244.00000,272.00000,272.00000,46,27,47,130,186,122,216
187.80000,48,75,139.00000,171.00000,248.00000,251.00000,251.00000,43,31,59,150,196,123,196
187.81000,59,67,137.00000,186.00000,214.00000,297.00000,297.00000,38,31,45,141,186,110,209
187.82000,34,63,134.00000,169.00000,234.00000,292.00000,292.00000,48,32,46,117,168,127,192
187.83000,59,68,154.00000,160.00000,265.00000,288.00000,288.00000,58,38,41,137,164,117,195
187.84000,54,78,145.00000,176.00000,217.00000,298.00000,298.00000,56,30,53,131,203,114,180
187.85000,43,81,141.00000,175.00000,249.00000,283.00000,283.00000,55,20,49,155,194,151,197
187.86000,55,68,148.00000,176.00000,246.00000,306.00000,306.00000,55,39,56,117,184,116,217
187.87000,40,76,171.00000,166.00000,219.00000,276.00000,276.00000,52,24,54,138,194,123,210
187.88000,40,77,162.00000,157.00000,246.00000,254.00000,254.00000,47,26,38,119,209,155,206
187.89000,51,69,152.00000,177.00000,242.00000,274.00000,274.00000,44,27,42,127,187,121,185
187.90000,37,65,139.00000,166.00000,259.00000,288.00000,288.00000,46,33,47,117,209,132,202
187.91000,54,66,158.00000,183.00000,253.00000,249.00000,249.00000,45,30,54,122,191,118,217
187.92000,56,73,152.00000,191.00000,249.00000,245.00000,245.00000,38,31,39,129,169,131,204
187.93000,44,74,159.00000,169.00000,234.00000,275.00000,275.00000,42,34,64,127,211,119,192
187.94000,62,80,141.00000,170.00000,257.00000,259.00000,259.00000,46,32,58,124,180,113,214
187.95000,40,73,139.00000,148.00000,256.00000,261.00000,261.00000,54,33,60,152,192,115,224
187.96000,36,73,157.00000,150.00000,213.00000,236.00000,236.00000,41,36,39,126,196,131,198
187.97000,41,89,162.00000,172.00000,257.00000,219.00000,219.00000,48,19,48,135,195,123,184
187.98000,54,73,153.00000,145.00000,265.00000,308.00000,308.00000,59,29,54,122,173,123,206
187.99000,52,54,137.00000,153.00000,251.00000,236.00000,236.00000,56,24,54,146,196,126,197
188.00000,54,80,147.00000,161.00000,250.00000,231.00000,231.00000,45,39,43,122,191,106,210
188.01000,55,85,153.00000,146.00000,225.00000,237.00000,237.00000,44,31,49,123,211,116,217
188.02000,35,77,155.00000,156.00000,233.00000,233.00000,233.00000,40,36,57,142,173,122,223
188.03000,47,88,154.00000,135.00000,231.00000,227.00000,227.00000,46,29,45,127,195,128,208
188.04000,60,77,162.00000,140.00000,267.00000,235.00000,235.00000,43,27,51,128,169,136,209
188.05000,37,63,142.00000,154.00000,250.00000,254.00000,254.00000,49,24,64,146,216,131,193
188.06000,40,71,157.00000,125.00000,266.00000,207.00000,207.00000,48,30,57,138,201,119,231
188.07000,61,71,138.00000,150.00000,242.00000,231.00000,231.00000,66,25,60,144,209,128,202
188.08000,52,65,170.00000,129.00000,275.00000,229.00000,229.00000,61,39,48,123,184,132,197
188.09000,54,68,134.00000,115.00000,284.00000,215.00000,215.00000,41,29,61,146,191,119,189
188.10000,51,69,141.00000,138.00000,238.00000,198.00000,198.00000,60,27,50,153,222,133,249
188.11000,36,73,125.00000,142.00000,259.00000,199.00000,199.00000,52,37,56,157,189,121,227
188.12000,49,84,142.00000,130.00000,269.00000,198.00000,198.00000,58,31,49,121,210,123,217
188.13000,42,76,129.00000,114.00000,232.00000,190.00000,190.00000,43,30,54,167,196,119,229
188.14000,36,80,156.00000,138.00000,250.00000,205.00000,205.00000,47,27,54,132,191,137,212
188.15000,46,69,133.00000,131.00000,266.00000,195.00000,195.00000,51,23,53,133,193,125,231
188.16000,44,66,132.00000,108.00000,241.00000,163.00000,163.00000,33,34,50,142,217,129,208
188.17000,50,77,140.00000,125.00000,248.00000,169.00000,169.00000,46,33,60,127,206,119,236
188.18000,44,91,138.00000,128.00000,228.00000,195.00000,195.00000,42,32,65,142,221,132,218
188.19000,39,74,135.00000,129.00000,229.00000,162.00000,162.00000,55,32,59,149,186,131,195
188.20000,56,88,135.00000,119.00000,236.00000,185.00000,185.00000,58,31,50,125,184,129,216
188.21000,49,91,126.00000,96.00000,196.00000,190.00000,190.00000,54,32,55,124,192,132,230
188.22000,59,76,139.00000,104.00000,206.00000,180.00000,180.00000,59,40,60,143,176,143,234
188.23000,57,53,142.00000,101.00000,207.00000,175.00000,175.00000,49,28,58,140,210,144,213
188.24000,53,84,128.00000,108.00000,222.00000,182.00000,182.00000,55,37,57,142,216,128,210
188.25000,53,80,121.00000,113.00000,193.00000,174.00000,174.00000,46,37,68,134,191,109,225
188.26000,49,84,136.00000,104.00000,209.00000,178.00000,178.00000,51,30,56,137,211,145,233
188.27000,45,79,114.00000,99.00000,212.00000,159.00000,159.00000,53,27,62,122,200,135,219
188.28000,46,66,116.00000,106.00000,208.00000,166.00000,166.00000,46,35,50,137,196,134,215
188.29000,52,85,108.00000,94.00000,215.00000,177.00000,177.00000,42,32,50,124,231,122,225
188.30000,48,67,124.00000,90.00000,219.00000,149.00000,149.00000,69,32,52,136,199,127,197
188.31000,42,69,109.00000,81.00000,174.00000,170.00000,170.00000,48,35,64,129,222,139,214
188.32000,57,81,95.00000,112.00000,183.00000,155.00000,155.00000,58,27,60,124,215,154,227
188.33000,42,89,113.00000,96.00000,160.00000,161.00000,161.00000,51,34,63,135,224,120,231
188.34000,39,82,104.00000,110.00000,171.00000,133.00000,133.00000,53,31,59,134,222,156,215
188.35000,64,92,114.00000,99.00000,180.00000,174.00000,174.00000,54,27,57,130,212,129,243
188.36000,57,66,107.00000,95.00000,179.00000,169.00000,169.00000,59,32,52,155,209,147,252
188.37000,59,78,101.00000,99.00000,161.00000,166.00000,166.00000,50,37,53,122,195,132,246
188.38000,45,65,99.00000,89.00000,168.00000,128.00000,128.00000,63,41,55,132,206,152,248
188.39000,50,66,92.00000,92.00000,155.00000,139.00000,139.00000,43,46,53,169,210,153,249
188.40000,46,78,102.00000,89.00000,154.00000,144.00000,144.00000,54,23,51,149,210,146,216
188.41000,50,90,92.00000,87.00000,161.00000,152.00000,152.00000,60,34,51,129,252,139,215
188.42000,47,71,103.00000,77.00000,175.00000,138.00000,138.00000,69,43,56,134,238,130,228
188.43000,47,81,100.00000,90.00000,145.00000,132.00000,132.00000,43,29,59,132,232,148,225
188.44000,52,82,92.00000,87.00000,152.00000,141.00000,141.00000,71,43,57,132,197,148,231
188.45000,53,77,107.00000,83.00000,153.00000,128.00000,128.00000,60,35,58,142,218,163,231
188.46000,43,92,78.00000,100.00000,168.00000,141.00000,141.00000,51,34,53,141,221,145,216
188.47000,45,72,79.00000,73.00000,144.00000,129.00000,129.00000,57,33,49,159,188,154,220
188.48000,48,64,86.00000,82.00000,144.00000,140.00000,140.00000,65,42,67,156,203,124,233
188.49000,57,75,73.00000,90.00000,169.00000,148.00000,148.00000,54,35,66,140,202,147,251
188.50000,45,83,84.00000,89.00000,143.00000,110.00000,110.00000,59,32,55,149,216,142,223
188.51000,47,86,84.00000,92.00000,141.00000,132.00000,132.00000,76,36,58,145,212,138,227
188.52000,53,91,98.00000,82.00000,152.00000,141.00000,141.00000,50,25,55,116,218,149,252
188.53000,33,87,78.00000,68.00000,156.00000,119.00000,119.00000,51,26,58,140,190,141,235
188.54000,36,87,73.00000,65.00000,152.00000,129.00000,129.00000,53,37,74,151,201,147,245
188.55000,41,77,95.00000,83.00000,134.00000,126.00000,126.00000,49,42,64,141,204,154,211
188.56000,75,65,86.00000,77.00000,106.00000,124.00000,124.00000,45,34,68,128,193,166,239
188.57000,64,78,72.00000,81.00000,137.00000,143.00000,143.00000,45,32,58,143,219,134,241
188.58000,45,65,85.00000,96.00000,133.00000,128.00000,128.00000,52,42,72,135,223,148,222
188.59000,42,89,79.00000,57.00000,111.00000,114.00000,114.00000,50,32,65,150,204,138,242
188.60000,49,87,71.00000,81.00000,131.00000,110.00000,110.00000,52,38,59,147,192,142,258
188.61000,64,78,91.00000,78.00000,139.00000,118.00000,118.00000,56,43,60,149,224,165,236
188.62000,42,76,86.00000,94.00000,125.00000,97.00000,97.00000,55,35,75,126,199,126,243
188.63000,54,94,72.00000,88.00000,111.00000,104.00000,104.00000,52,38,69,158,211,135,245
188.64000,54,76,89.00000,69.00000,126.00000,132.00000,132.00000,49,37,68,173,224,146,271
188.65000,55,90,73.00000,98.00000,136.00000,115.00000,115.00000,50,37,58,148,209,155,233
188.66000,53,86,64.00000,67.00000,125.00000,116.00000,116.00000,54,29,56,127,230,152,269
188.67000,55,76,77.00000,85.00000,118.00000,130.00000,130.00000,47,34,67,146,222,141,234
188.68000,59,105,63.00000,80.00000,124.00000,110.00000,110.00000,52,42,54,140,217,157,241
188.69000,58,87,71.00000,57.00000,126.00000,120.00000,120.00000,65,34,73,149,244,133,276
188.70000,57,76,74.00000,75.00000,144.00000,128.00000,128.00000,63,40,67,152,235,138,260
188.71000,40,115,65.00000,77.00000,114.00000,112.00000,112.00000,48,43,66,142,241,143,270
188.72000,58,93,71.00000,64.00000,125.00000,120.00000,120.00000,50,35,60,130,218,133,255
188.73000,52,73,58.00000,91.00000,110.00000,142.00000,142.00000,71,24,83,132,203,159,258
188.74000,41,85,61.00000,78.00000,116.00000,124.00000,124.00000,57,37,65,149,228,127,242
188.75000,46,84,61.00000,71.00000,93.00000,101.00000,101.00000,48,27,68,142,245,173,251
188.76000,56,72,63.00000,64.00000,110.00000,108.00000,108.00000,58,24,75,129,205,153,260
188.77000,44,85,66.00000,76.00000,119.00000,112.00000,112.00000,54,38,60,148,239,162,262
188.78000,63,89,60.00000,72.00000,114.00000,116.00000,116.00000,57,40,61,133,207,137,261
188.79000,42,71,64.00000,73.00000,111.00000,104.00000,104.00000,47,36,73,144,232,144,244
188.80000,55,93,74.00000,71.00000,102.00000,103.00000,103.00000,50,35,56,159,214,136,265
188.81000,55,97,57.00000,74.00000,92.00000,104.00000,104.00000,44,30,69,170,241,155,248
188.82000,42,79,71.00000,78.00000,96.00000,130.00000,130.00000,56,34,70,134,246,168,222
188.83000,57,89,71.00000,72.00000,123.00000,102.00000,102.00000,64,37,73,161,246,146,254
188.84000,61,90,69.00000,72.00000,112.00000,107.00000,107.00000,52,36,55,154,227,151,266
188.85000,51,80,42.00000,72.00000,98.00000,107.00000,107.00000,55,33,54,149,220,156,257
188.86000,54,85,54.00000,81.00000,93.00000,115.00000,115.00000,59,33,53,155,255,173,254
188.87000,49,79,57.00000,75.00000,123.00000,118.00000,118.00000,52,33,74,118,240,156,220
188.88000,48,95,48.00000,79.00000,82.00000,119.00000,119.00000,57,40,54,136,224,141,268
188.89000,48,90,68.00000,70.00000,113.00000,83.00000,83.00000,55,35,54,141,244,147,250
188.90000,47,92,70.00000,50.00000,106.00000,119.00000,119.00000,72,33,71,161,239,164,256
188.91000,41,98,54.00000,89.00000,83.00000,113.00000,113.00000,52,38,61,152,223,174,294
188.92000,63,83,53.00000,64.00000,98.00000,101.00000,101.00000,55,50,69,153,237,144,261
188.93000,52,95,62.00000,73.00000,95.00000,109.00000,109.00000,61,38,61,137,243,166,250
188.94000,57,97,65.00000,70.00000,93.00000,103.00000,103.00000,69,43,67,141,250,139,285
188.95000,53,79,55.00000,58.00000,108.00000,106.00000,106.00000,47,35,74,117,242,146,289
188.96000,47,81,58.00000,77.00000,86.00000,119.00000,119.00000,66,40,61,160,213,143,245
188.97000,49,99,55.00000,54.00000,95.00000,103.00000,103.00000,61,40,54,137,240,147,276
188.98000,54,84,59.00000,71.00000,109.00000,95.00000,95.00000,56,47,56,153,227,180,248
188.99000,63,93,55.00000,71.00000,107.00000,96.00000,96.00000,57,31,66,153,223,141,252
189.00000,56,83,65.00000,81.00000,90.00000,104.00000,104.00000,46,33,69,141,275,148,252
189.01000,50,92,71.00000,71.00000,104.00000,120.00000,120.00000,68,49,68,130,219,175,258
189.02000,49,91,60.00000,70.00000,91.00000,94.00000,94.00000,49,36,63,163,250,174,262
189.03000,52,87,52.00000,87.00000,96.00000,114.00000,114.00000,62,46,61,169,228,158,270
189.04000,45,97,57.00000,66.00000,100.00000,108.00000,108.00000,66,35,69,146,241,158,249
189.05000,56,103,63.00000,57.00000,104.00000,119.00000,119.00000,59,39,69,143,236,146,305
189.06000,64,87,62.00000,84.00000,94.00000,98.00000,98.00000,49,47,66,160,254,148,254
189.07000,30,95,49.00000,72.00000,98.00000,122.00000,122.00000,68,37,69,140,255,145,243
189.08000,45,105,64.00000,66.00000,106.00000,94.00000,94.00000,55,42,86,153,235,154,267
189.09000,55,93,62.00000,67.00000,67.00000,108.00000,108.00000,68,30,75,156,269,132,256
189.10000,51,94,76.00000,69.00000,81.00000,103.00000,103.00000,63,39,64,160,262,148,260
189.11000,45,86,64.00000,66.00000,107.00000,112.00000,112.00000,63,44,63,138,226,171,263
189.12000,58,102,69.00000,77.00000,115.00000,93.00000,93.00000,74,40,77,178,212,157,296
189.13000,53,94,56.00000,68.00000,96.00000,100.00000,100.00000,72,30,75,144,243,163,295
189.14000,52,92,60.00000,63.00000,100.00000,115.00000,115.00000,56,48,69,147,243,146,263
189.15000,47,92,57.00000,63.00000,100.00000,112.00000,112.00000,70,44,82,146,266,167,282
189.16000,59,97,60.00000,76.00000,91.00000,103.00000,103.00000,38,34,72,161,242,164,285
189.17000,54,94,44.00000,80.00000,94.00000,109.00000,109.00000,67,39,78,137,239,169,258
189.18000,42,89,60.00000,55.00000,99.00000,106.00000,106.00000,61,49,53,147,239,156,244
189.19000,53,89,55.00000,67.00000,87.00000,102.00000,102.00000,71,35,68,169,232,164,290
189.20000,53,73,72.00000,84.00000,99.00000,99.00000,99.00000,56,44,77,143,259,162,274
189.21000,63,96,56.00000,77.00000,83.00000,113.00000,113.00000,63,59,64,132,241,178,252
189.22000,58,86,52.00000,84.00000,94.00000,103.00000,103.00000,59,38,64,144,269,161,271
189.23000,39,107,65.00000,66.00000,90.00000,89.00000,89.00000,59,54,80,157,248,158,275
189.24000,57,84,55.00000,79.00000,74.00000,105.00000,105.00000,46,36,62,143,274,162,247
189.25000,53,112,81.00000,83.00000,109.00000,102.00000,102.00000,72,46,86,164,243,147,268
189.26000,51,93,68.00000,67.00000,98.00000,100.00000,100.00000,56,38,66,148,242,141,262
189.27000,62,96,57.00000,71.00000,95.00000,101.00000,101.00000,74,46,80,143,277,161,291
189.28000,45,101,64.00000,76.00000,84.00000,115.00000,115.00000,78,39,65,166,245,181,284
189.29000,53,106,41.00000,87.00000,89.00000,108.00000,108.00000,64,39,75,148,263,178,292
189.30000,52,91,58.00000,72.00000,85.00000,108.00000,108.00000,64,56,76,180,278,182,287
189.31000,71,81,60.00000,66.00000,95.00000,92.00000,92.00000,67,38,68,185,250,195,277
189.32000,51,83,68.00000,70.00000,79.00000,97.00000,97.00000,66,38,64,153,291,179,280
189.33000,69,100,53.00000,69.00000,80.00000,104.00000,104.00000,72,37,87,148,279,162,307
189.34000,58,117,57.00000,61.00000,87.00000,105.00000,105.00000,48,40,66,149,248,160,280
189.35000,49,104,59.00000,69.00000,87.00000,119.00000,119.00000,65,50,72,149,271,184,268
189.36000,59,93,54.00000,77.00000,86.00000,97.00000,97.00000,73,48,73,154,253,165,284
189.37000,55,108,57.00000,80.00000,109.00000,114.00000,114.00000,59,52,73,149,242,189,273
189.38000,61,108,45.00000,71.00000,73.00000,94.00000,94.00000,77,48,67,150,243,157,300
189.39000,60,114,56.00000,86.00000,93.00000,113.00000,113.00000,71,39,67,138,244,145,306
189.40000,50,90,66.00000,93.00000,92.00000,103.00000,103.00000,67,44,85,165,282,167,293
189.41000,70,101,62.00000,76.00000,95.00000,103.00000,103.00000,61,47,83,141,238,177,294
189.42000,61,114,59.00000,69.00000,69.00000,101.00000,101.00000,61,37,76,126,251,180,289
189.43000,59,111,61.00000,94.00000,94.00000,120.00000,120.00000,73,36,71,145,257,165,294
189.44000,44,115,52.00000,69.00000,77.00000,100.00000,100.00000,63,49,71,159,222,174,275
189.45000,48,127,60.00000,69.00000,82.00000,91.00000,91.00000,67,40,64,172,286,199,268
189.46000,55,100,46.00000,81.00000,73.00000,101.00000,101.00000,88,43,59,157,274,156,295
189.47000,55,112,66.00000,81.00000,91.00000,108.00000,108.00000,66,43,69,152,284,171,314
189.48000,65,90,53.00000,61.00000,94.00000,113.00000,113.00000,45,46,66,152,258,140,298
189.49000,59,104,47.00000,88.00000,84.00000,104.00000,104.00000,74,39,71,172,275,173,299
189.50000,39,97,68.00000,75.00000,83.00000,102.00000,102.00000,67,48,79,163,278,181,290
189.51000,62,104,64.00000,81.00000,90.00000,104.00000,104.00000,83,56,73,170,275,160,300
189.52000,62,110,57.00000,79.00000,105.00000,95.00000,95.00000,68,51,72,155,251,179,282
189.53000,67,92,65.00000,85.00000,82.00000,109.00000,109.00000,62,53,79,152,287,179,317
189.54000,49,97,50.00000,68.00000,85.00000,126.00000,126.00000,95,36,67,170,287,162,298
189.55000,55,104,51.00000,74.00000,81.00000,107.00000,107.00000,89,47,58,159,266,170,258
189.56000,36,107,57.00000,90.00000,95.00000,101.00000,101.00000,73,45,85,154,276,222,291
189.57000,48,103,60.00000,80.00000,87.00000,113.00000,113.00000,67,38,68,160,286,193,282
189.58000,50,93,59.00000,72.00000,78.00000,114.00000,114.00000,50,45,83,143,282,190,317
189.59000,56,102,62.00000,74.00000,77.00000,135.00000,135.00000,52,47,93,183,258,208,293
189.60000,64,95,49.00000,80.00000,99.00000,115.00000,115.00000,88,36,75,142,271,157,331
189.61000,69,92,55.00000,93.00000,98.00000,114.00000,114.00000,61,47,75,171,276,177,294
189.62000,76,84,68.00000,91.00000,80.00000,121.00000,121.00000,45,36,80,180,268,175,292
189.63000,57,113,54.00000,84.00000,86.00000,113.00000,113.00000,70,53,76,140,263,198,297
189.64000,43,111,55.00000,87.00000,87.00000,104.00000,104.00000,68,53,71,165,305,208,312
189.65000,64,101,57.00000,80.00000,71.00000,101.00000,101.00000,53,36,70,155,305,162,284
189.66000,66,110,64.00000,85.00000,91.00000,84.00000,84.00000,60,43,81,168,277,199,308
189.67000,60,129,61.00000,83.00000,98.00000,129.00000,129.00000,74,45,75,158,275,171,307
189.68000,51,113,57.00000,90.00000,65.00000,102.00000,102.00000,62,37,85,165,255,169,319
189.69000,61,118,52.00000,85.00000,83.00000,122.00000,122.00000,53,53,72,155,283,208,300
189.70000,64,126,62.00000,87.00000,84.00000,116.00000,116.00000,72,63,70,150,265,171,304
189.71000,53,123,57.00000,91.00000,80.00000,132.00000,132.00000,83,52,95,145,282,183,310
189.72000,57,101,71.00000,86.00000,101.00000,128.00000,128.00000,74,45,72,175,272,191,305
189.73000,62,110,67.00000,99.00000,89.00000,132.00000,132.00000,74,45,77,186,294,195,315
189.74000,71,107,71.00000,71.00000,107.00000,128.00000,128.00000,72,28,74,171,290,181,316
189.75000,72,96,49.00000,95.00000,94.00000,108.00000,108.00000,70,48,59,153,300,185,344
189.76000,61,130,54.00000,106.00000,101.00000,104.00000,104.00000,72,53,79,171,263,207,280
189.77000,46,99,70.00000,106.00000,89.00000,107.00000,107.00000,77,44,75,155,300,187,325
189.78000,60,129,67.00000,99.00000,88.00000,126.00000,126.00000,73,53,86,157,306,192,287
189.79000,41,114,59.00000,78.00000,72.00000,116.00000,116.00000,77,44,77,224,288,212,324
189.80000,50,124,56.00000,109.00000,94.00000,142.00000,142.00000,70,43,71,183,292,197,332
189.81000,70,93,73.00000,83.00000,87.00000,142.00000,142.00000,80,42,75,176,291,195,298
189.82000,61,127,64.00000,89.00000,89.00000,107.00000,107.00000,67,62,59,150,280,203,313
189.83000,54,106,62.00000,113.00000,89.00000,108.00000,108.00000,71,44,64,150,291,186,334
189.84000,55,115,67.00000,111.00000,82.00000,143.00000,143.00000,75,55,96,174,299,209,297
189.85000,59,117,71.00000,97.00000,86.00000,120.00000,120.00000,74,71,94,166,311,197,298
189.86000,66,118,68.00000,102.00000,85.00000,126.00000,126.00000,88,50,74,172,290,185,261
189.87000,65,113,69.00000,118.00000,79.00000,138.00000,138.00000,61,53,80,153,273,197,322
189.88000,76,110,59.00000,98.00000,82.00000,127.00000,127.00000,66,42,78,143,315,199,281
189.89000,59,104,70.00000,107.00000,86.00000,133.00000,133.00000,73,47,86,164,273,188,323
189.90000,58,129,72.00000,99.00000,75.00000,137.00000,137.00000,98,50,96,158,279,185,309
189.91000,66,102,62.00000,112.00000,79.00000,134.00000,134.00000,80,56,77,165,294,214,306
189.92000,76,110,73.00000,117.00000,90.00000,127.00000,127.00000,87,48,74,167,293,191,317
189.93000,47,97,63.00000,105.00000,77.00000,120.00000,120.00000,76,45,77,176,268,197,281
189.94000,79,126,79.00000,100.00000,85.00000,146.00000,146.00000,69,52,64,173,313,241,294
189.95000,74,143,79.00000,111.00000,104.00000,112.00000,112.00000,85,44,87,198,268,182,336
189.96000,58,153,82.00000,90.00000,92.00000,125.00000,125.00000,79,59,85,169,296,177,289
189.97000,67,121,54.00000,138.00000,94.00000,144.00000,144.00000,89,56,85,157,296,209,291
189.98000,53,133,74.00000,113.00000,104.00000,143.00000,143.00000,68,51,89,158,303,195,282
189.99000,57,123,62.00000,126.00000,90.00000,141.00000,141.00000,59,46,86,201,293,206,301
190.00000,53,128,54.00000,94.00000,96.00000,148.00000,148.00000,73,51,78,171,283,190,333
190.01000,60,129,64.00000,104.00000,97.00000,139.00000,139.00000,77,49,100,164,331,186,291
190.02000,66,141,63.00000,104.00000,95.00000,139.00000,139.00000,71,48,80,179,272,179,296
190.03000,78,122,72.00000,122.00000,118.00000,155.00000,155.00000,79,42,69,151,300,259,305
190.04000,63,121,58.00000,103.00000,97.00000,150.00000,150.00000,77,56,104,169,296,209,346
190.05000,75,135,88.00000,111.00000,116.00000,136.00000,136.00000,68,48,88,168,321,213,289
190.06000,58,129,84.00000,121.00000,88.00000,141.00000,141.00000,83,64,88,203,294,200,284
190.07000,65,114,82.00000,120.00000,118.00000,159.00000,159.00000,87,56,83,182,287,201,302
190.08000,64,134,86.00000,122.00000,125.00000,158.00000,158.00000,68,53,73,178,268,184,331
190.09000,71,137,81.00000,113.00000,113.00000,136.00000,136.00000,73,61,67,184,316,206,339
190.10000,69,116,84.00000,135.00000,107.00000,152.00000,152.00000,77,67,85,156,310,221,324
190.11000,55,129,87.00000,101.00000,116.00000,141.00000,141.00000,58,51,78,195,292,205,284
190.12000,68,140,75.00000,95.00000,109.00000,139.00000,139.00000,90,59,94,195,330,201,332
190.13000,74,123,94.00000,120.00000,120.00000,178.00000,178.00000,73,47,84,183,328,178,303
190.14000,75,153,87.00000,138.00000,112.00000,166.00000,166.00000,86,41,83,180,305,220,358
190.15000,80,126,85.00000,127.00000,109.00000,140.00000,140.00000,74,55,84,184,312,206,343
190.16000,65,139,67.00000,128.00000,110.00000,158.00000,158.00000,68,60,84,180,294,187,315
190.17000,61,133,89.00000,118.00000,134.00000,165.00000,165.00000,74,59,76,185,313,212,333
190.18000,55,137,77.00000,98.00000,98.00000,153.00000,153.00000,72,52,81,194,324,223,345
190.19000,80,148,77.00000,139.00000,124.00000,156.00000,156.00000,94,52,77,166,334,218,301
190.20000,76,123,65.00000,128.00000,132.00000,157.00000,157.00000,67,47,86,177,316,221,309
190.21000,57,133,95.00000,118.00000,117.00000,141.00000,141.00000,89,60,81,169,303,199,295
190.22000,54,147,92.00000,109.00000,117.00000,166.00000,166.00000,79,55,68,167,305,197,330
190.23000,69,151,99.00000,128.00000,115.00000,171.00000,171.00000,88,49,67,173,315,214,354
190.24000,75,124,87.00000,126.00000,94.00000,138.00000,138.00000,91,56,79,203,334,209,342
190.25000,69,126,78.00000,135.00000,107.00000,165.00000,165.00000,86,53,86,178,287,231,285
190.26000,61,147,81.00000,113.00000,101.00000,168.00000,168.00000,87,60,90,201,309,224,334
190.27000,75,143,88.00000,126.00000,93.00000,166.00000,166.00000,93,57,95,183,319,200,311
190.28000,56,132,80.00000,120.00000,103.00000,181.00000,181.00000,88,45,71,193,320,218,344
190.29000,67,137,79.00000,134.00000,113.00000,177.00000,177.00000,82,49,91,191,339,201,310
190.30000,68,126,84.00000,154.00000,120.00000,175.00000,175.00000,81,55,87,182,320,206,299
190.31000,75,144,79.00000,118.00000,122.00000,178.00000,178.00000,73,59,99,206,336,222,381
190.32000,62,160,97.00000,140.00000,98.00000,181.00000,181.00000,89,46,76,167,293,238,335
190.33000,63,134,97.00000,131.00000,108.00000,212.00000,212.00000,93,64,73,193,343,219,337
190.34000,62,115,87.00000,141.00000,123.00000,207.00000,207.00000,93,57,85,159,265,232,304
190.35000,62,140,83.00000,148.00000,107.00000,185.00000,185.00000,102,55,95,193,321,211,340
190.36000,82,143,99.00000,127.00000,119.00000,204.00000,204.00000,90,55,67,190,317,203,307
190.37000,64,119,93.00000,161.00000,113.00000,170.00000,170.00000,86,60,83,184,338,250,326
190.38000,67,110,71.00000,135.00000,92.00000,176.00000,176.00000,84,59,64,197,336,235,310
190.39000,75,150,77.00000,142.00000,125.00000,215.00000,215.00000,90,62,82,184,327,219,372
190.40000,80,157,94.00000,138.00000,124.00000,196.00000,196.00000,93,50,104,197,358,216,337
190.41000,61,137,94.00000,152.00000,95.00000,211.00000,211.00000,81,61,84,210,331,216,314
190.42000,73,119,94.00000,150.00000,109.00000,201.00000,201.00000,95,36,86,209,324,217,344
190.43000,60,141,81.00000,149.00000,127.00000,199.00000,199.00000,85,56,71,191,344,225,327
190.44000,52,153,98.00000,137.00000,109.00000,209.00000,209.00000,82,54,75,185,349,231,329
190.45000,62,151,84.00000,146.00000,114.00000,218.00000,218.00000,79,53,80,192,340,239,323
190.46000,69,161,97.00000,144.00000,106.00000,232.00000,232.00000,75,57,85,185,366,234,356
190.47000,72,112,101.00000,152.00000,129.00000,228.00000,228.00000,83,62,74,186,312,257,330
190.48000,82,133,102.00000,153.00000,117.00000,224.00000,224.00000,94,70,80,193,356,250,327
190.49000,64,152,97.00000,167.00000,138.00000,256.00000,256.00000,72,52,79,208,344,248,311
190.50000,73,166,86.00000,185.00000,110.00000,216.00000,216.00000,82,52,85,184,343,242,340
190.51000,65,167,95.00000,176.00000,142.00000,238.00000,238.00000,97,61,96,190,327,250,333
190.52000,72,138,108.00000,183.00000,116.00000,240.00000,240.00000,97,52,86,195,358,232,320
190.53000,68,130,90.00000,174.00000,129.00000,217.00000,217.00000,83,65,107,201,366,213,347
190.54000,60,147,92.00000,195.00000,115.00000,238.00000,238.00000,99,59,81,170,341,219,314
190.55000,61,149,120.00000,183.00000,113.00000,259.00000,259.00000,89,59,85,214,333,249,316
190.56000,62,138,98.00000,194.00000,133.00000,273.00000,273.00000,89,73,81,206,327,235,344
190.57000,65,152,98.00000,190.00000,139.00000,236.00000,236.00000,81,62,80,182,333,261,378
190.58000,85,151,103.00000,180.00000,142.00000,277.00000,277.00000,85,67,82,175,320,235,353
190.59000,71,136,103.00000,197.00000,116.00000,282.00000,282.00000,89,55,95,184,316,228,363
190.60000,69,138,104.00000,207.00000,134.00000,277.00000,277.00000,89,63,92,197,317,233,297
190.61000,66,129,108.00000,171.00000,142.00000,281.00000,281.00000,84,59,86,198,350,227,362
190.62000,63,133,108.00000,211.00000,161.00000,267.00000,267.00000,95,64,92,202,330,227,371
190.63000,72,150,113.00000,211.00000,135.00000,281.00000,281.00000,68,39,80,209,313,220,337
190.64000,69,154,111.00000,231.00000,148.00000,280.00000,280.00000,99,70,71,215,349,221,357
190.65000,69,133,112.00000,205.00000,154.00000,308.00000,308.00000,87,65,77,193,340,253,349
190.66000,78,168,130.00000,218.00000,156.00000,283.00000,283.00000,82,53,87,191,338,247,323
190.67000,67,136,109.00000,200.00000,158.00000,313.00000,313.00000,89,47,103,200,344,246,342
190.68000,80,151,107.00000,190.00000,172.00000,293.00000,293.00000,93,62,86,182,350,232,364
190.69000,67,149,122.00000,220.00000,151.00000,354.00000,354.00000,95,55,85,192,349,255,312
190.70000,74,146,118.00000,225.00000,172.00000,299.00000,299.00000,81,58,100,198,324,260,324
190.71000,48,156,109.00000,227.00000,168.00000,331.00000,331.00000,103,60,61,217,332,236,325
190.72000,68,142,114.00000,255.00000,176.00000,354.00000,354.00000,98,65,85,201,314,229,336
190.73000,83,167,133.00000,241.00000,180.00000,320.00000,320.00000,86,64,73,214,348,262,327
190.74000,82,153,143.00000,229.00000,180.00000,349.00000,349.00000,88,66,80,185,393,254,340
190.75000,83,171,141.00000,232.00000,152.00000,351.00000,351.00000,85,58,88,182,361,248,344
190.76000,73,178,136.00000,233.00000,149.00000,348.00000,348.00000,105,62,104,206,340,259,337
190.77000,71,138,147.00000,253.00000,199.00000,356.00000,356.00000,92,55,81,179,375,257,328
190.78000,91,140,145.00000,221.00000,164.00000,353.00000,353.00000,87,69,107,211,359,252,339
190.79000,74,157,124.00000,243.00000,191.00000,353.00000,353.00000,106,73,92,214,351,239,342
190.80000,81,146,142.00000,222.00000,191.00000,361.00000,361.00000,93,60,84,220,357,257,290
190.81000,77,176,164.00000,221.00000,226.00000,370.00000,370.00000,100,67,90,226,364,238,309
190.82000,76,177,147.00000,251.00000,211.00000,329.00000,329.00000,92,63,104,217,361,298,346
190.83000,75,155,122.00000,251.00000,232.00000,376.00000,376.00000,90,77,80,210,340,249,322
190.84000,68,172,156.00000,247.00000,192.00000,373.00000,373.00000,94,59,87,214,347,288,355
190.85000,68,161,149.00000,256.00000,229.00000,370.00000,370.00000,101,54,97,213,350,227,349
190.86000,78,135,169.00000,232.00000,223.00000,363.00000,363.00000,105,61,75,225,395,267,314
190.87000,65,153,166.00000,230.00000,224.00000,394.00000,394.00000,84,59,94,210,372,257,334
190.88000,66,180,149.00000,253.00000,247.00000,366.00000,366.00000,111,53,94,217,372,241,363
190.89000,87,159,154.00000,254.00000,267.00000,407.00000,407.00000,95,66,78,198,358,268,373
190.90000,80,174,184.00000,248.00000,244.00000,374.00000,374.00000,92,80,86,200,362,252,347
190.91000,70,157,175.00000,234.00000,254.00000,436.00000,436.00000,91,76,92,233,394,263,370
190.92000,81,177,163.00000,236.00000,294.00000,346.00000,346.00000,96,63,102,196,377,243,318
190.93000,80,162,164.00000,267.00000,246.00000,408.00000,408.00000,78,73,96,199,358,254,330
190.94000,94,160,187.00000,257.00000,241.00000,359.00000,359.00000,81,58,90,220,385,243,327
190.95000,80,169,189.00000,251.00000,250.00000,399.00000,399.00000,110,66,85,217,435,263,351
190.96000,73,149,168.00000,258.00000,270.00000,399.00000,399.00000,93,56,84,199,394,239,311
190.97000,87,159,149.00000,228.00000,275.00000,398.00000,398.00000,98,77,76,211,382,225,365
190.98000,75,160,177.00000,279.00000,253.00000,388.00000,388.00000,104,75,94,190,369,266,343
190.99000,80,155,199.00000,233.00000,274.00000,444.00000,444.00000,105,83,92,221,375,259,338
191.00000,78,163,182.00000,236.00000,266.00000,423.00000,423.00000,99,63,89,239,396,271,349
191.01000,88,166,185.00000,253.00000,279.00000,392.00000,392.00000,109,51,77,196,385,271,364
191.02000,86,177,196.00000,229.00000,293.00000,401.00000,401.00000,99,60,92,205,406,255,344
191.03000,91,177,190.00000,236.00000,293.00000,382.00000,382.00000,110,70,88,212,413,269,328
191.04000,74,164,194.00000,249.00000,285.00000,389.00000,389.00000,102,51,99,208,424,247,340
191.05000,80,161,189.00000,246.00000,282.00000,385.00000,385.00000,92,52,95,213,388,252,384
191.06000,87,177,197.00000,231.00000,264.00000,408.00000,408.00000,95,50,93,229,392,257,344
191.07000,77,190,186.00000,241.00000,339.00000,401.00000,401.00000,84,57,84,224,377,239,341
191.08000,70,172,197.00000,261.00000,324.00000,393.00000,393.00000,93,53,79,237,419,229,354
191.09000,92,192,176.00000,234.00000,309.00000,385.00000,385.00000,96,71,95,211,366,239,364
191.10000,83,163,221.00000,216.00000,301.00000,379.00000,379.00000,109,69,95,212,407,272,307
191.11000,88,168,242.00000,238.00000,349.00000,385.00000,385.00000,101,65,85,219,372,248,321
191.12000,99,172,193.00000,232.00000,333.00000,317.00000,317.00000,104,72,89,237,379,252,344
191.13000,85,175,210.00000,243.00000,311.00000,393.00000,393.00000,88,62,96,232,396,279,338
191.14000,79,147,212.00000,232.00000,351.00000,383.00000,383.00000,111,67,78,196,407,282,336
191.15000,78,195,203.00000,242.00000,327.00000,357.00000,357.00000,111,74,90,228,428,225,351
191.16000,80,176,211.00000,205.00000,313.00000,344.00000,344.00000,107,68,67,230,344,273,368
191.17000,81,165,203.00000,202.00000,316.00000,345.00000,345.00000,83,82,80,243,368,278,345
191.18000,79,189,203.00000,226.00000,295.00000,353.00000,353.00000,101,69,89,198,399,265,332
191.19000,90,173,226.00000,203.00000,363.00000,354.00000,354.00000,105,65,85,227,404,264,328
191.20000,72,219,204.00000,240.00000,318.00000,349.00000,349.00000,106,60,96,211,385,243,330
191.21000,80,189,206.00000,201.00000,332.00000,378.00000,378.00000,109,73,89,204,426,285,366
191.22000,72,181,227.00000,176.00000,366.00000,336.00000,336.00000,77,68,95,235,397,283,356
191.23000,93,162,226.00000,216.00000,323.00000,338.00000,338.00000,108,64,95,224,436,257,355
191.24000,88,174,194.00000,195.00000,329.00000,356.00000,356.00000,109,79,91,219,394,270,377
191.25000,85,180,219.00000,210.00000,347.00000,326.00000,326.00000,116,49,95,257,372,253,364
191.26000,91,196,202.00000,177.00000,370.00000,339.00000,339.00000,98,78,96,243,426,249,391
191.27000,88,205,194.00000,198.00000,358.00000,324.00000,324.00000,107,54,90,227,367,301,330
191.28000,111,176,198.00000,175.00000,339.00000,307.00000,307.00000,98,73,81,234,366,283,334
191.29000,80,177,191.00000,184.00000,328.00000,305.00000,305.00000,103,75,82,242,382,257,345
191.30000,111,149,205.00000,195.00000,334.00000,279.00000,279.00000,111,80,91,245,406,249,342
191.31000,106,184,194.00000,178.00000,346.00000,256.00000,256.00000,96,67,93,247,429,276,371
191.32000,92,196,221.00000,160.00000,372.00000,304.00000,304.00000,109,60,88,221,406,293,373
191.33000,100,184,211.00000,158.00000,342.00000,264.00000,264.00000,104,67,98,254,410,268,362
191.34000,84,204,224.00000,164.00000,334.00000,268.00000,268.00000,116,71,106,218,426,274,327
191.35000,100,198,195.00000,142.00000,348.00000,259.00000,259.00000,95,75,105,220,422,270,340
191.36000,117,179,191.00000,157.00000,334.00000,265.00000,265.00000,100,69,80,224,384,252,367
191.37000,97,173,208.00000,151.00000,303.00000,296.00000,296.00000,114,71,70,237,385,268,319
191.38000,116,173,207.00000,138.00000,300.00000,277.00000,277.00000,99,71,82,233,395,265,385
191.39000,96,184,167.00000,141.00000,337.00000,252.00000,252.00000,96,66,85,249,380,274,336
191.40000,107,192,180.00000,137.00000,326.00000,265.00000,265.00000,111,81,92,216,372,293,361
191.41000,100,185,197.00000,120.00000,338.00000,240.00000,240.00000,120,60,89,229,402,254,360
191.42000,95,175,192.00000,155.00000,303.00000,227.00000,227.00000,109,81,79,240,428,271,392
191.43000,82,189,189.00000,129.00000,330.00000,237.00000,237.00000,103,78,97,218,435,271,349
191.44000,85,210,186.00000,137.00000,321.00000,231.00000,231.00000,92,67,98,218,408,299,367
191.45000,97,203,197.00000,117.00000,293.00000,247.00000,247.00000,94,71,88,247,390,295,371
191.46000,123,183,168.00000,130.00000,300.00000,208.00000,208.00000,92,79,82,218,422,278,348
191.47000,86,170,184.00000,122.00000,271.00000,226.00000,226.00000,105,70,67,235,419,281,374
191.48000,99,215,185.00000,125.00000,322.00000,195.00000,195.00000,109,66,72,229,426,283,343
191.49000,104,169,165.00000,133.00000,278.00000,233.00000,233.00000,109,77,84,253,423,276,342
191.50000,101,214,180.00000,126.00000,308.00000,180.00000,180.00000,93,63,73,229,387,240,375
191.51000,81,218,160.00000,101.00000,294.00000,214.00000,214.00000,102,77,73,236,426,256,340
191.52000,118,203,167.00000,121.00000,303.00000,179.00000,179.00000,114,69,88,260,438,272,329
191.53000,106,202,177.00000,117.00000,281.00000,194.00000,194.00000,101,77,95,224,434,269,341
191.54000,85,181,156.00000,111.00000,262.00000,188.00000,188.00000,115,78,91,212,409,259,356
191.55000,90,199,160.00000,124.00000,271.00000,172.00000,172.00000,126,72,94,252,448,272,357
191.56000,107,190,177.00000,120.00000,235.00000,191.00000,191.00000,114,70,92,230,381,277,321
191.57000,120,200,169.00000,107.00000,251.00000,169.00000,169.00000,105,62,97,233,470,262,367
191.58000,92,189,146.00000,121.00000,269.00000,176.00000,176.00000,109,76,93,248,429,267,324
191.59000,100,177,137.00000,87.00000,249.00000,188.00000,188.00000,116,72,95,253,455,285,368
191.60000,100,183,140.00000,115.00000,251.00000,171.00000,171.00000,109,56,94,237,415,257,348
191.61000,98,196,150.00000,80.00000,232.00000,187.00000,187.00000,113,70,95,266,456,278,353
191.62000,104,183,134.00000,96.00000,240.00000,160.00000,160.00000,104,77,73,252,441,308,349
191.63000,99,186,133.00000,100.00000,226.00000,168.00000,168.00000,103,64,89,224,465,243,331
191.64000,123,217,133.00000,94.00000,230.00000,156.00000,156.00000,120,77,88,255,456,268,368
191.65000,92,193,152.00000,89.00000,239.00000,141.00000,141.00000,126,65,89,232,427,277,346
191.66000,92,211,123.00000,87.00000,233.00000,159.00000,159.00000,128,66,97,254,415,252,340
191.67000,124,188,132.00000,75.00000,191.00000,143.00000,143.00000,102,70,87,260,441,286,325
191.68000,103,212,128.00000,81.00000,216.00000,149.00000,149.00000,108,81,90,243,465,296,378
191.69000,112,227,117.00000,77.00000,208.00000,120.00000,120.00000,104,68,83,261,451,277,377
191.70000,108,195,133.00000,69.00000,202.00000,157.00000,157.00000,109,63,61,269,447,257,344
191.71000,101,202,108.00000,87.00000,185.00000,146.00000,146.00000,103,80,84,271,434,301,350
191.72000,97,213,114.00000,86.00000,197.00000,142.00000,142.00000,129,78,93,288,421,241,356
191.73000,114,211,137.00000,84.00000,190.00000,139.00000,139.00000,127,75,77,243,456,285,336
191.74000,117,192,124.00000,72.00000,184.00000,137.00000,137.00000,91,77,89,253,440,266,337
191.75000,106,186,97.00000,76.00000,201.00000,130.00000,130.00000,121,64,103,248,462,286,360
191.76000,127,190,110.00000,76.00000,184.00000,121.00000,121.00000,108,76,89,266,422,294,334
191.77000,99,195,88.00000,76.00000,172.00000,111.00000,111.00000,105,81,82,281,435,269,363
191.78000,110,210,98.00000,76.00000,179.00000,98.00000,98.00000,121,69,83,287,424,292,322
191.79000,102,208,107.00000,62.00000,157.00000,113.00000,113.00000,120,77,85,267,449,299,336
191.80000,85,208,107.00000,62.00000,164.00000,106.00000,106.00000,135,55,81,261,391,306,357
191.81000,121,229,97.00000,71.00000,140.00000,106.00000,106.00000,108,77,98,229,440,285,326
191.82000,114,194,83.00000,63.00000,191.00000,125.00000,125.00000,102,80,91,258,461,289,347
191.83000,109,218,98.00000,74.00000,157.00000,106.00000,106.00000,122,74,80,250,425,276,393
191.84000,106,208,92.00000,59.00000,132.00000,121.00000,121.00000,106,63,100,274,422,282,334
191.85000,113,191,92.00000,71.00000,157.00000,109.00000,109.00000,117,68,81,260,434,286,380
191.86000,112,194,92.00000,57.00000,151.00000,117.00000,117.00000,107,76,98,289,488,286,350
191.87000,131,175,90.00000,64.00000,148.00000,109.00000,109.00000,125,76,81,265,447,306,322
191.88000,124,207,98.00000,62.00000,136.00000,103.00000,103.00000,103,81,75,296,437,297,358
191.89000,119,166,72.00000,67.00000,144.00000,108.00000,108.00000,131,65,98,285,447,289,362
191.90000,108,234,71.00000,75.00000,149.00000,123.00000,123.00000,103,74,71,272,464,313,323
191.91000,113,218,70.00000,58.00000,136.00000,103.00000,103.00000,123,61,83,271,536,304,374
191.92000,100,229,86.00000,66.00000,147.00000,95.00000,95.00000,111,69,85,280,487,289,365
191.93000,119,194,71.00000,45.00000,127.00000,97.00000,97.00000,111,62,89,266,511,275,333
191.94000,113,218,65.00000,52.00000,129.00000,90.00000,90.00000,127,62,104,283,490,288,371
191.95000,136,197,76.00000,58.00000,120.00000,98.00000,98.00000,104,84,87,243,437,296,339
191.96000,117,234,64.00000,33.00000,117.00000,79.00000,79.00000,129,71,84,261,488,295,347
191.97000,114,209,76.00000,58.00000,109.00000,87.00000,87.00000,118,76,73,260,527,316,345
191.98000,111,203,67.00000,59.00000,115.00000,87.00000,87.00000,128,68,97,278,446,297,379
191.99000,106,205,67.00000,47.00000,110.00000,86.00000,86.00000,110,68,87,289,449,296,353
192.00000,135,212,74.00000,50.00000,121.00000,83.00000,83.00000,123,61,85,276,463,253,293
192.01000,93,200,56.00000,48.00000,114.00000,76.00000,76.00000,108,71,92,293,450,306,389
192.02000,121,187,58.00000,51.00000,111.00000,73.00000,73.00000,110,93,77,289,472,305,330
192.03000,114,228,72.00000,48.00000,90.00000,90.00000,90.00000,124,77,79,276,481,291,337
192.04000,140,211,65.00000,48.00000,115.00000,93.00000,93.00000,131,74,101,240,453,259,338
192.05000,114,211,54.00000,62.00000,125.00000,86.00000,86.00000,129,79,89,286,516,300,346
192.06000,103,212,58.00000,59.00000,88.00000,89.00000,89.00000,116,73,93,254,436,322,343
192.07000,141,212,60.00000,38.00000,105.00000,73.00000,73.00000,113,54,84,282,478,284,331
192.08000,112,224,47.00000,47.00000,94.00000,77.00000,77.00000,117,60,92,286,475,288,376
192.09000,99,202,46.00000,51.00000,84.00000,100.00000,100.00000,118,73,89,309,486,271,367
192.10000,115,193,54.00000,57.00000,99.00000,74.00000,74.00000,112,71,95,286,460,283,350
192.11000,130,236,57.00000,44.00000,81.00000,89.00000,89.00000,119,82,78,295,478,301,350
192.12000,139,200,56.00000,46.00000,92.00000,62.00000,62.00000,124,77,92,283,487,329,335
192.13000,104,197,41.00000,42.00000,76.00000,77.00000,77.00000,136,82,89,243,514,265,363
192.14000,122,212,56.00000,25.00000,85.00000,75.00000,75.00000,129,74,87,268,462,293,369
192.15000,136,224,50.00000,30.00000,89.00000,72.00000,72.00000,122,94,98,285,487,305,326
192.16000,136,229,53.00000,38.00000,79.00000,61.00000,61.00000,139,77,96,312,434,277,321
192.17000,134,224,32.00000,45.00000,79.00000,79.00000,79.00000,131,88,89,308,486,287,344
192.18000,138,206,45.00000,40.00000,88.00000,76.00000,76.00000,125,80,84,268,473,265,355
192.19000,141,213,50.00000,48.00000,79.00000,73.00000,73.00000,125,85,79,313,466,295,337
192.20000,121,187,46.00000,44.00000,91.00000,87.00000,87.00000,127,68,79,284,477,308,314
192.21000,134,195,53.00000,45.00000,83.00000,78.00000,78.00000,125,74,92,280,474,288,347
192.22000,137,193,49.00000,39.00000,92.00000,74.00000,74.00000,114,69,96,294,491,280,313
192.23000,138,202,48.00000,44.00000,86.00000,68.00000,68.00000,101,66,97,314,486,274,352
192.24000,126,201,34.00000,46.00000,88.00000,74.00000,74.00000,114,83,101,302,489,277,355
192.25000,145,181,47.00000,44.00000,81.00000,77.00000,77.00000,135,83,86,307,471,320,361
192.26000,133,173,52.00000,35.00000,75.00000,76.00000,76.00000,104,77,81,282,453,285,355
192.27000,135,264,33.00000,37.00000,92.00000,70.00000,70.00000,118,75,88,301,487,302,330
192.28000,145,205,39.00000,43.00000,68.00000,80.00000,80.00000,128,66,86,298,463,275,310
192.29000,130,196,42.00000,53.00000,80.00000,72.00000,72.00000,128,78,83,318,469,284,319
192.30000,133,200,36.00000,31.00000,80.00000,78.00000,78.00000,119,72,98,316,500,297,341
192.31000,138,215,45.00000,40.00000,76.00000,70.00000,70.00000,115,84,105,289,505,317,362
192.32000,134,203,37.00000,39.00000,71.00000,71.00000,71.00000,147,71,87,285,493,281,340
192.33000,129,197,37.00000,45.00000,68.00000,78.00000,78.00000,114,73,77,275,481,309,374
192.34000,139,201,43.00000,49.00000,67.00000,60.00000,60.00000,133,75,94,316,465,295,368
192.35000,130,204,45.00000,41.00000,85.00000,71.00000,71.00000,139,67,62,299,531,327,353
192.36000,124,219,51.00000,41.00000,90.00000,61.00000,61.00000,106,79,94,317,461,295,329
192.37000,142,227,43.00000,34.00000,66.00000,70.00000,70.00000,118,66,86,297,460,293,312
192.38000,125,201,50.00000,26.00000,67.00000,78.00000,78.00000,118,75,90,315,459,293,311
192.39000,128,217,51.00000,44.00000,74.00000,49.00000,49.00000,116,62,104,315,451,264,356
192.40000,126,218,41.00000,40.00000,73.00000,51.00000,51.00000,129,78,70,290,478,328,333
192.41000,162,212,49.00000,42.00000,70.00000,67.00000,67.00000,150,67,73,307,461,282,341
192.42000,117,225,38.00000,42.00000,52.00000,56.00000,56.00000,139,65,82,286,449,321,316
192.43000,114,215,46.00000,26.00000,63.00000,54.00000,54.00000,115,87,76,300,513,291,374
192.44000,152,201,45.00000,52.00000,67.00000,87.00000,87.00000,135,56,84,313,510,294,331
192.45000,146,218,29.00000,47.00000,70.00000,54.00000,54.00000,103,78,101,330,460,309,356
192.46000,141,210,20.00000,37.00000,81.00000,67.00000,67.00000,123,74,88,301,498,299,378
192.47000,142,205,50.00000,39.00000,55.00000,57.00000,57.00000,107,75,94,296,488,288,355
192.48000,123,204,32.00000,33.00000,75.00000,56.00000,56.00000,123,93,74,321,522,297,311
192.49000,137,199,34.00000,42.00000,54.00000,52.00000,52.00000,151,70,81,294,502,265,342
192.50000,131,219,32.00000,40.00000,62.00000,63.00000,63.00000,136,70,97,321,461,280,332
192.51000,128,228,46.00000,35.00000,62.00000,66.00000,66.00000,126,68,89,329,501,284,351
192.52000,156,209,30.00000,47.00000,65.00000,67.00000,67.00000,127,65,96,329,492,294,386
192.53000,134,193,41.00000,23.00000,64.00000,61.00000,61.00000,128,70,90,311,493,313,321
192.54000,142,189,42.00000,30.00000,51.00000,42.00000,42.00000,115,74,84,320,530,284,338
192.55000,173,196,35.00000,27.00000,55.00000,61.00000,61.00000,116,89,85,320,453,323,295
192.56000,136,198,35.00000,27.00000,53.00000,54.00000,54.00000,102,72,85,311,491,324,343
192.57000,141,222,37.00000,48.00000,52.00000,63.00000,63.00000,139,78,88,341,492,271,337
192.58000,134,202,34.00000,34.00000,50.00000,63.00000,63.00000,113,71,84,343,479,295,328
192.59000,157,231,29.00000,35.00000,66.00000,65.00000,65.00000,136,79,94,318,493,302,357
192.60000,128,198,46.00000,39.00000,60.00000,57.00000,57.00000,122,83,93,338,485,297,358
192.61000,132,196,36.00000,45.00000,50.00000,68.00000,68.00000,140,77,87,313,485,296,344
192.62000,122,222,34.00000,38.00000,61.00000,53.00000,53.00000,120,60,93,310,499,289,314
192.63000,152,227,44.00000,31.00000,54.00000,65.00000,65.00000,135,79,85,332,475,285,314
192.64000,162,199,34.00000,31.00000,53.00000,68.00000,68.00000,129,86,85,327,500,310,342
192.65000,146,213,29.00000,39.00000,70.00000,53.00000,53.00000,145,71,76,342,478,293,322
192.66000,156,211,38.00000,32.00000,48.00000,50.00000,50.00000,138,81,86,350,486,307,374
192.67000,147,228,29.00000,33.00000,48.00000,60.00000,60.00000,118,76,92,346,504,291,334
192.68000,162,220,35.00000,39.00000,54.00000,58.00000,58.00000,122,71,85,336,491,315,352
192.69000,161,239,41.00000,32.00000,45.00000,57.00000,57.00000,132,67,83,366,482,273,314
192.70000,153,223,32.00000,35.00000,47.00000,50.00000,50.00000,117,81,86,369,517,311,312
192.71000,140,198,36.00000,39.00000,50.00000,58.00000,58.00000,106,74,87,309,480,297,355
192.72000,129,170,42.00000,42.00000,62.00000,55.00000,55.00000,132,53,66,357,481,321,338
192.73000,160,204,29.00000,43.00000,53.00000,45.00000,45.00000,117,76,68,322,523,314,341
192.74000,162,209,28.00000,23.00000,48.00000,61.00000,61.00000,120,56,94,351,458,322,329
192.75000,170,215,33.00000,33.00000,54.00000,54.00000,54.00000,125,77,83,318,503,274,352
192.76000,120,234,28.00000,33.00000,60.00000,50.00000,50.00000,121,64,92,342,483,307,331
192.77000,158,226,29.00000,40.00000,46.00000,56.00000,56.00000,104,76,86,362,493,311,358
192.78000,137,202,40.00000,42.00000,58.00000,49.00000,49.00000,125,88,93,321,532,279,331
192.79000,165,212,32.00000,25.00000,58.00000,55.00000,55.00000,129,73,116,329,463,315,351
192.80000,147,203,34.00000,34.00000,42.00000,43.00000,43.00000,147,61,99,324,528,292,318
192.81000,153,227,30.00000,39.00000,64.00000,47.00000,47.00000,108,60,88,319,538,315,359
192.82000,158,197,41.00000,40.00000,58.00000,52.00000,52.00000,139,70,79,336,499,340,327
192.83000,149,218,21.00000,46.00000,63.00000,71.00000,71.00000,141,83,84,352,515,294,343
192.84000,139,201,30.00000,34.00000,43.00000,63.00000,63.00000,124,62,79,320,514,300,301
192.85000,154,204,29.00000,26.00000,54.00000,56.00000,56.00000,130,71,102,324,518,289,339
192.86000,150,202,32.00000,33.00000,51.00000,42.00000,42.00000,118,80,76,362,500,323,320
192.87000,154,213,32.00000,26.00000,60.00000,46.00000,46.00000,133,90,81,335,488,284,317
192.88000,163,181,29.00000,25.00000,59.00000,53.00000,53.00000,156,90,68,343,497,272,337
192.89000,130,213,35.00000,41.00000,52.00000,49.00000,49.00000,121,68,92,340,504,336,340
192.90000,161,194,20.00000,23.00000,58.00000,51.00000,51.00000,123,77,89,344,540,296,327
192.91000,167,245,20.00000,36.00000,48.00000,57.00000,57.00000,128,78,97,324,487,287,321
192.92000,152,219,29.00000,30.00000,56.00000,68.00000,68.00000,116,74,72,303,508,311,336
192.93000,159,217,38.00000,26.00000,49.00000,49.00000,49.00000,125,81,80,346,537,328,351
192.94000,165,190,25.00000,29.00000,45.00000,48.00000,48.00000,128,68,85,385,535,309,325
192.95000,161,197,25.00000,30.00000,47.00000,44.00000,44.00000,133,76,98,350,501,334,330
192.96000,155,189,37.00000,37.00000,44.00000,49.00000,49.00000,130,76,84,351,548,308,318
192.97000,168,249,24.00000,29.00000,42.00000,37.00000,37.00000,133,77,77,342,473,315,317
192.98000,158,214,25.00000,33.00000,49.00000,46.00000,46.00000,126,68,79,366,515,305,340
192.99000,134,210,21.00000,29.00000,62.00000,48.00000,48.00000,116,74,87,340,521,307,351
193.00000,180,208,21.00000,30.00000,53.00000,41.00000,41.00000,125,69,64,357,513,328,325
193.01000,170,208,31.00000,26.00000,56.00000,49.00000,49.00000,124,71,79,361,496,306,327
193.02000,138,219,32.00000,30.00000,51.00000,33.00000,33.00000,135,85,73,340,479,266,341
193.03000,165,206,23.00000,38.00000,50.00000,39.00000,39.00000,128,79,97,391,494,294,333
193.04000,154,223,24.00000,27.00000,48.00000,43.00000,43.00000,123,64,90,375,510,332,322
193.05000,168,223,29.00000,26.00000,53.00000,43.00000,43.00000,137,72,88,394,464,334,340
193.06000,170,197,36.00000,18.00000,43.00000,46.00000,46.00000,131,70,70,380,470,302,294
193.07000,173,239,26.00000,29.00000,47.00000,36.00000,36.00000,126,69,88,367,499,309,342
193.08000,149,203,38.00000,25.00000,46.00000,38.00000,38.00000,130,81,81,382,517,292,325
193.09000,169,221,34.00000,16.00000,53.00000,50.00000,50.00000,142,74,90,379,504,276,324
193.10000,181,203,28.00000,20.00000,40.00000,38.00000,38.00000,115,64,70,348,546,312,322
193.11000,171,211,24.00000,29.00000,57.00000,37.00000,37.00000,107,79,84,403,512,297,315
193.12000,165,220,30.00000,26.00000,41.00000,38.00000,38.00000,120,74,84,383,509,291,335
193.13000,152,207,24.00000,32.00000,53.00000,55.00000,55.00000,120,63,76,370,528,306,302
193.14000,177,203,31.00000,24.00000,37.00000,50.00000,50.00000,139,73,67,374,496,296,315
193.15000,172,197,31.00000,30.00000,37.00000,35.00000,35.00000,131,72,75,345,467,284,307
193.16000,162,216,21.00000,25.00000,48.00000,43.00000,43.00000,130,78,83,392,502,277,348
193.17000,145,200,32.00000,24.00000,37.00000,53.00000,53.00000,146,62,93,346,488,327,336
193.18000,178,218,26.00000,24.00000,44.00000,48.00000,48.00000,127,71,87,375,514,316,321
193.19000,153,194,29.00000,22.00000,42.00000,47.00000,47.00000,127,82,83,357,517,319,304
193.20000,168,224,32.00000,20.00000,35.00000,41.00000,41.00000,142,87,70,387,533,302,308
193.21000,176,230,30.00000,23.00000,43.00000,35.00000,35.00000,114,86,74,345,474,272,336
193.22000,170,229,26.00000,25.00000,39.00000,40.00000,40.00000,123,77,88,411,510,295,298
193.23000,179,207,26.00000,19.00000,44.00000,39.00000,39.00000,120,69,93,366,532,291,321
193.24000,169,217,25.00000,28.00000,40.00000,44.00000,44.00000,136,76,75,390,528,286,309
193.25000,184,229,26.00000,15.00000,38.00000,31.00000,31.00000,117,90,86,386,506,296,341
193.26000,196,206,23.00000,16.00000,39.00000,32.00000,32.00000,134,73,95,360,514,257,322
193.27000,183,216,23.00000,21.00000,56.00000,49.00000,49.00000,123,87,90,396,522,328,325
193.28000,174,213,27.00000,17.00000,53.00000,43.00000,43.00000,134,57,76,365,518,325,307
193.29000,161,212,19.00000,30.00000,40.00000,56.00000,56.00000,113,77,82,392,496,329,307
193.30000,193,189,21.00000,19.00000,34.00000,44.00000,44.00000,108,77,80,393,485,287,333
193.31000,156,205,35.00000,24.00000,40.00000,34.00000,34.00000,123,80,79,410,502,291,311
193.32000,160,225,15.00000,29.00000,40.00000,44.00000,44.00000,127,55,73,350,506,272,279
193.33000,158,246,24.00000,24.00000,45.00000,38.00000,38.00000,116,86,81,388,496,308,296
193.34000,183,218,24.00000,19.00000,36.00000,32.00000,32.00000,137,64,62,419,502,311,327
193.35000,183,217,26.00000,26.00000,31.00000,42.00000,42.00000,148,81,70,361,463,315,312
193.36000,168,216,19.00000,15.00000,36.00000,33.00000,33.00000,123,55,86,394,499,346,306
193.37000,161,216,26.00000,26.00000,40.00000,37.00000,37.00000,127,81,69,392,486,299,283
193.38000,182,218,19.00000,32.00000,43.00000,51.00000,51.00000,122,81,91,385,523,288,325
193.39000,163,220,20.00000,30.00000,34.00000,37.00000,37.00000,130,87,69,383,500,293,317
193.40000,162,215,30.00000,19.00000,35.00000,37.00000,37.00000,137,67,92,346,491,309,306
193.41000,137,194,24.00000,23.00000,40.00000,26.00000,26.00000,117,79,86,391,469,315,321
193.42000,165,224,23.00000,11.00000,27.00000,37.00000,37.00000,119,85,73,367,455,310,293
193.43000,158,216,22.00000,16.00000,39.00000,32.00000,32.00000,131,65,85,410,495,261,318
193.44000,164,222,25.00000,27.00000,24.00000,38.00000,38.00000,105,75,82,468,519,303,317
193.45000,191,184,28.00000,23.00000,35.00000,26.00000,26.00000,129,80,79,402,508,301,317
193.46000,158,216,31.00000,19.00000,39.00000,31.00000,31.00000,137,93,83,380,455,287,316
193.47000,194,195,24.00000,10.00000,30.00000,29.00000,29.00000,124,83,67,416,497,283,315
193.48000,168,205,17.00000,24.00000,28.00000,29.00000,29.00000,107,65,67,382,501,316,313
193.49000,172,203,24.00000,20.00000,35.00000,31.00000,31.00000,117,86,72,399,478,319,325
193.50000,156,197,13.00000,20.00000,38.00000,39.00000,39.00000,124,79,82,390,475,298,295
193.51000,186,211,14.00000,20.00000,40.00000,33.00000,33.00000,115,102,80,379,526,312,326
193.52000,199,189,26.00000,22.00000,36.00000,44.00000,44.00000,131,91,78,420,503,301,297
193.53000,187,206,22.00000,19.00000,29.00000,34.00000,34.00000,142,95,76,402,472,309,309
193.54000,159,189,19.00000,11.00000,35.00000,30.00000,30.00000,106,95,80,406,481,311,321
193.55000,164,188,17.00000,25.00000,33.00000,33.00000,33.00000,148,71,83,405,462,311,330
193.56000,178,204,19.00000,14.00000,28.00000,23.00000,23.00000,138,82,86,401,509,302,302
193.57000,143,203,14.00000,18.00000,22.00000,30.00000,30.00000,116,79,68,421,482,315,297
193.58000,166,212,17.00000,14.00000,43.00000,40.00000,40.00000,134,66,77,414,498,283,314
193.59000,153,206,21.00000,18.00000,27.00000,33.00000,33.00000,98,81,77,398,482,300,306
193.60000,167,210,16.00000,16.00000,32.00000,29.00000,29.00000,134,63,81,430,476,285,328
193.61000,164,216,18.00000,19.00000,31.00000,29.00000,29.00000,152,69,69,414,499,299,328
193.62000,157,184,22.00000,18.00000,38.00000,33.00000,33.00000,125,80,84,417,486,308,256
193.63000,156,191,28.00000,27.00000,39.00000,23.00000,23.00000,139,74,86,389,482,296,330
193.64000,174,222,17.00000,17.00000,34.00000,25.00000,25.00000,117,76,92,375,483,302,315
193.65000,157,204,26.00000,17.00000,28.00000,32.00000,32.00000,122,80,71,433,459,339,271
193.66000,154,193,12.00000,18.00000,21.00000,26.00000,26.00000,121,81,94,441,504,275,298
193.67000,188,174,13.00000,16.00000,35.00000,28.00000,28.00000,113,75,67,412,494,303,311
193.68000,175,188,14.00000,11.00000,28.00000,25.00000,25.00000,133,73,72,404,484,285,313
193.69000,183,197,17.00000,18.00000,29.00000,25.00000,25.00000,123,63,81,409,506,252,302
193.70000,160,201,19.00000,18.00000,24.00000,26.00000,26.00000,120,85,74,418,508,287,285
193.71000,202,195,13.00000,24.00000,21.00000,21.00000,21.00000,122,75,63,422,458,263,302
193.72000,164,214,16.00000,13.00000,27.00000,25.00000,25.00000,133,66,87,403,467,286,293
193.73000,166,230,16.00000,16.00000,29.00000,22.00000,22.00000,104,82,82,422,462,304,275
193.74000,175,210,17.00000,18.00000,24.00000,20.00000,20.00000,124,78,99,422,471,281,279
193.75000,204,205,24.00000,25.00000,32.00000,24.00000,24.00000,116,85,84,406,451,295,297
193.76000,184,207,11.00000,19.00000,22.00000,19.00000,19.00000,125,69,71,407,482,307,289
193.77000,188,196,16.00000,8.00000,22.00000,20.00000,20.00000,113,67,85,434,492,296,298
193.78000,175,210,17.00000,15.00000,33.00000,32.00000,32.00000,101,74,74,371,461,299,295
193.79000,199,202,12.00000,16.00000,28.00000,25.00000,25.00000,131,68,81,374,449,299,285
193.80000,173,201,12.00000,14.00000,34.00000,27.00000,27.00000,124,92,67,440,471,288,291
193.81000,173,185,20.00000,15.00000,24.00000,24.00000,24.00000,103,82,67,388,469,279,321
193.82000,171,203,16.00000,9.00000,22.00000,22.00000,22.00000,122,66,79,440,475,276,274
193.83000,177,183,13.00000,17.00000,31.00000,35.00000,35.00000,120,61,70,422,478,297,284
193.84000,171,201,15.00000,18.00000,36.00000,22.00000,22.00000,103,77,85,427,478,286,307
193.85000,170,200,24.00000,18.00000,21.00000,30.00000,30.00000,112,90,82,427,470,244,281
193.86000,148,196,20.00000,13.00000,20.00000,28.00000,28.00000,117,64,89,420,509,305,288
193.87000,190,184,15.00000,20.00000,27.00000,24.00000,24.00000,142,71,78,429,469,310,290
193.88000,190,224,20.00000,18.00000,27.00000,21.00000,21.00000,91,77,83,426,494,298,307
193.89000,180,203,21.00000,15.00000,27.00000,23.00000,23.00000,127,72,73,431,447,311,269
193.90000,194,192,14.00000,19.00000,30.00000,23.00000,23.00000,114,82,65,413,493,265,320
193.91000,160,211,13.00000,20.00000,23.00000,27.00000,27.00000,111,75,76,423,488,304,291
193.92000,187,196,14.00000,13.00000,22.00000,25.00000,25.00000,105,77,69,407,477,301,271
193.93000,170,188,13.00000,13.00000,27.00000,25.00000,25.00000,110,69,67,406,478,279,269
193.94000,146,209,12.00000,9.00000,17.00000,31.00000,31.00000,119,79,78,405,486,300,291
193.95000,170,181,14.00000,15.00000,28.00000,24.00000,24.00000,110,76,66,415,469,289,305
193.96000,167,199,8.00000,16.00000,21.00000,26.00000,26.00000,116,84,89,394,477,288,285
193.97000,165,205,18.00000,16.00000,26.00000,23.00000,23.00000,93,63,62,430,451,299,296
193.98000,159,217,20.00000,15.00000,32.00000,18.00000,18.00000,120,66,74,464,435,261,276
193.99000,160,193,8.00000,18.00000,18.00000,19.00000,19.00000,126,77,76,416,441,267,302
194.00000,161,181,22.00000,20.00000,22.00000,24.00000,24.00000,111,72,76,419,462,321,256
194.01000,177,179,14.00000,12.00000,27.00000,29.00000,29.00000,107,79,72,444,463,285,286
194.02000,149,205,10.00000,16.00000,26.00000,22.00000,22.00000,141,69,72,446,459,285,324
194.03000,146,206,13.00000,15.00000,19.00000,22.00000,22.00000,101,83,73,460,455,309,287
194.04000,198,218,19.00000,8.00000,27.00000,15.00000,15.00000,106,89,71,393,417,299,299
194.05000,191,194,12.00000,9.00000,22.00000,27.00000,27.00000,100,84,73,470,436,300,283
194.06000,164,219,11.00000,13.00000,24.00000,16.00000,16.00000,92,82,72,395,441,309,293
194.07000,172,197,15.00000,19.00000,21.00000,20.00000,20.00000,129,77,52,427,474,281,289
194.08000,182,176,21.00000,13.00000,25.00000,29.00000,29.00000,118,76,69,435,464,283,265
194.09000,174,183,10.00000,16.00000,28.00000,16.00000,16.00000,115,97,65,433,448,277,278
194.10000,181,197,11.00000,16.00000,36.00000,16.00000,16.00000,117,88,79,416,450,292,284
194.11000,178,188,17.00000,14.00000,21.00000,28.00000,28.00000,110,72,76,441,424,310,326
194.12000,168,189,15.00000,13.00000,26.00000,26.00000,26.00000,108,70,92,446,438,266,248
194.13000,174,185,15.00000,10.00000,20.00000,16.00000,16.00000,110,72,74,400,413,327,296
194.14000,182,211,16.00000,9.00000,23.00000,20.00000,20.00000,112,69,61,424,437,301,290
194.15000,186,195,10.00000,12.00000,26.00000,27.00000,27.00000,109,73,60,402,469,304,274
194.16000,175,189,18.00000,17.00000,19.00000,25.00000,25.00000,96,72,96,404,449,300,280
194.17000,172,203,14.00000,27.00000,16.00000,12.00000,12.00000,124,70,68,423,470,291,293
194.18000,175,178,18.00000,15.00000,16.00000,27.00000,27.00000,114,82,64,455,457,268,288
194.19000,153,185,10.00000,14.00000,17.00000,25.00000,25.00000,107,71,66,383,449,277,281
194.20000,188,191,14.00000,6.00000,21.00000,18.00000,18.00000,105,75,70,426,455,291,262
194.21000,208,205,12.00000,11.00000,19.00000,17.00000,17.00000,99,65,76,430,444,313,278
194.22000,164,199,14.00000,22.00000,16.00000,18.00000,18.00000,115,62,70,453,462,286,276
194.23000,180,179,13.00000,19.00000,12.00000,12.00000,12.00000,111,64,75,445,436,258,266
194.24000,156,206,9.00000,18.00000,30.00000,24.00000,24.00000,103,73,71,435,453,310,263
194.25000,189,189,10.00000,12.00000,22.00000,13.00000,13.00000,94,68,59,411,420,272,283
194.26000,205,167,17.00000,15.00000,26.00000,20.00000,20.00000,106,81,81,382,430,283,249
194.27000,144,173,12.00000,14.00000,16.00000,17.00000,17.00000,113,71,73,449,397,303,291
194.28000,182,183,9.00000,15.00000,21.00000,15.00000,15.00000,96,71,74,406,440,283,300
194.29000,143,164,12.00000,10.00000,17.00000,16.00000,16.00000,119,67,77,449,414,284,304
194.30000,169,201,15.00000,19.00000,17.00000,21.00000,21.00000,91,67,85,429,411,314,269
194.31000,172,171,8.00000,13.00000,17.00000,18.00000,18.00000,117,70,72,419,393,285,238
194.32000,191,203,12.00000,6.00000,19.00000,24.00000,24.00000,98,72,69,482,451,313,280
194.33000,203,180,14.00000,19.00000,21.00000,14.00000,14.00000,119,89,74,412,433,319,294
194.34000,182,179,8.00000,9.00000,20.00000,17.00000,17.00000,117,74,76,423,493,275,264
194.35000,178,171,16.00000,16.00000,13.00000,25.00000,25.00000,107,75,74,416,426,281,297
194.36000,175,163,6.00000,12.00000,13.00000,14.00000,14.00000,103,63,66,437,416,315,279
194.37000,183,186,16.00000,15.00000,20.00000,22.00000,22.00000,102,66,61,395,428,296,239
194.38000,167,190,9.00000,11.00000,10.00000,21.00000,21.00000,93,75,58,398,460,278,299
194.39000,191,151,11.00000,11.00000,17.00000,17.00000,17.00000,90,62,63,451,417,299,248
194.40000,176,180,18.00000,9.00000,13.00000,18.00000,18.00000,106,65,85,431,402,275,230
194.41000,181,177,15.00000,10.00000,18.00000,21.00000,21.00000,118,67,63,416,423,270,277
194.42000,158,197,9.00000,14.00000,18.00000,29.00000,29.00000,121,75,62,422,443,276,243
194.43000,167,185,10.00000,15.00000,19.00000,24.00000,24.00000,102,75,72,406,412,260,249
194.44000,193,181,16.00000,8.00000,15.00000,18.00000,18.00000,112,76,58,432,444,274,273
194.45000,153,171,9.00000,7.00000,16.00000,19.00000,19.00000,116,66,86,416,402,273,242
194.46000,195,168,7.00000,14.00000,17.00000,18.00000,18.00000,102,65,74,434,410,267,238
194.47000,163,158,9.00000,15.00000,16.00000,21.00000,21.00000,103,78,47,450,368,271,253
194.48000,163,213,7.00000,7.00000,21.00000,21.00000,21.00000,100,74,48,429,403,280,277
194.49000,173,197,14.00000,12.00000,21.00000,15.00000,15.00000,109,79,54,443,393,268,284
194.50000,176,177,8.00000,9.00000,17.00000,23.00000,23.00000,103,68,53,422,376,286,265
194.51000,158,159,15.00000,12.00000,19.00000,13.00000,13.00000,121,77,72,422,436,273,254
194.52000,163,194,12.00000,9.00000,16.00000,17.00000,17.00000,105,66,89,464,413,284,244
194.53000,150,178,14.00000,12.00000,13.00000,23.00000,23.00000,103,88,67,448,426,251,268
194.54000,165,164,10.00000,11.00000,15.00000,21.00000,21.00000,82,65,63,427,393,297,291
194.55000,172,183,12.00000,12.00000,13.00000,19.00000,19.00000,104,62,77,383,453,266,270
194.56000,168,185,13.00000,16.00000,15.00000,19.00000,19.00000,103,66,76,426,391,272,286
194.57000,192,181,12.00000,13.00000,16.00000,20.00000,20.00000,101,62,61,419,417,278,246
194.58000,148,182,11.00000,12.00000,16.00000,20.00000,20.00000,96,65,66,406,402,280,272
194.59000,164,158,9.00000,15.00000,14.00000,12.00000,12.00000,91,61,61,415,426,260,245
194.60000,190,162,8.00000,12.00000,23.00000,17.00000,17.00000,100,81,74,421,386,278,234
194.61000,173,146,10.00000,6.00000,14.00000,15.00000,15.00000,96,69,75,406,397,302,242
194.62000,149,188,12.00000,4.00000,20.00000,21.00000,21.00000,114,65,82,443,371,299,244
194.63000,176,164,15.00000,11.00000,17.00000,19.00000,19.00000,94,67,64,448,382,271,275
194.64000,173,190,10.00000,15.00000,18.00000,18.00000,18.00000,73,70,64,388,414,253,253
194.65000,144,190,16.00000,9.00000,16.00000,11.00000,11.00000,95,63,53,446,394,301,274
194.66000,188,192,14.00000,10.00000,25.00000,13.00000,13.00000,103,68,70,484,397,287,268
194.67000,138,162,9.00000,9.00000,9.00000,20.00000,20.00000,94,69,59,441,396,275,264
194.68000,177,202,12.00000,14.00000,19.00000,20.00000,20.00000,108,73,55,421,410,291,241
194.69000,158,168,11.00000,14.00000,12.00000,19.00000,19.00000,111,80,52,446,379,230,247
194.70000,160,159,10.00000,10.00000,11.00000,17.00000,17.00000,110,76,60,453,406,265,233
194.71000,165,184,17.00000,11.00000,27.00000,22.00000,22.00000,102,72,60,430,396,264,254
194.72000,182,185,12.00000,17.00000,14.00000,11.00000,11.00000,112,54,51,460,393,289,264
194.73000,173,172,8.00000,12.00000,17.00000,16.00000,16.00000,99,68,68,427,359,300,268
194.74000,191,161,13.00000,8.00000,9.00000,11.00000,11.00000,109,68,52,428,383,308,263
194.75000,153,187,9.00000,8.00000,23.00000,15.00000,15.00000,105,69,57,439,352,274,274
194.76000,163,156,11.00000,7.00000,16.00000,13.00000,13.00000,83,68,66,427,394,279,252
194.77000,161,168,9.00000,12.00000,11.00000,10.00000,10.00000,62,84,46,395,355,255,247
194.78000,170,166,11.00000,11.00000,17.00000,20.00000,20.00000,101,69,66,430,392,257,251
194.79000,175,171,11.00000,6.00000,19.00000,17.00000,17.00000,87,49,67,400,390,273,238
194.80000,170,184,6.00000,6.00000,11.00000,20.00000,20.00000,86,77,69,415,397,249,263
194.81000,179,171,9.00000,13.00000,8.00000,17.00000,17.00000,88,76,57,443,363,271,265
194.82000,174,187,13.00000,8.00000,22.00000,22.00000,22.00000,105,68,84,422,356,268,274
194.83000,177,162,10.00000,14.00000,12.00000,15.00000,15.00000,86,71,61,425,400,255,237
194.84000,172,148,7.00000,10.00000,17.00000,16.00000,16.00000,99,70,79,431,411,255,252
194.85000,172,153,13.00000,14.00000,14.00000,15.00000,15.00000,86,79,69,416,367,325,266
194.86000,160,172,10.00000,12.00000,15.00000,12.00000,12.00000,106,61,62,409,366,282,232
194.87000,158,174,9.00000,11.00000,16.00000,15.00000,15.00000,97,58,68,408,346,268,243
194.88000,191,179,8.00000,11.00000,13.00000,19.00000,19.00000,82,63,77,428,355,281,254
194.89000,147,182,6.00000,10.00000,15.00000,13.00000,13.00000,83,86,62,414,396,272,221
194.90000,161,167,10.00000,11.00000,13.00000,11.00000,11.00000,81,58,71,393,347,255,229
194.91000,171,183,8.00000,9.00000,13.00000,17.00000,17.00000,81,71,58,403,349,279,248
194.92000,165,209,7.00000,6.00000,13.00000,20.00000,20.00000,87,66,60,405,414,281,233
194.93000,165,193,10.00000,10.00000,17.00000,16.00000,16.00000,90,66,59,436,353,250,253
194.94000,150,190,7.00000,12.00000,10.00000,19.00000,19.00000,96,69,55,430,404,239,257
194.95000,160,158,10.00000,12.00000,13.00000,21.00000,21.00000,99,66,66,424,380,272,257
194.96000,145,176,6.00000,11.00000,12.00000,19.00000,19.00000,88,74,74,393,370,261,254
194.97000,172,146,9.00000,6.00000,14.00000,22.00000,22.00000,96,71,54,448,357,264,257
194.98000,165,149,11.00000,10.00000,12.00000,15.00000,15.00000,95,47,60,416,388,275,240
194.99000,150,192,9.00000,9.00000,13.00000,31.00000,31.00000,89,64,49,421,337,268,223
195.00000,162,171,4.00000,12.00000,25.00000,11.00000,11.00000,93,57,59,418,390,262,246
195.01000,181,126,8.00000,16.00000,20.00000,14.00000,14.00000,73,71,74,416,342,267,251
195.02000,158,162,15.00000,12.00000,7.00000,14.00000,14.00000,97,53,65,416,338,256,230
195.03000,150,179,7.00000,16.00000,15.00000,13.00000,13.00000,86,77,58,386,345,241,241
195.04000,178,183,11.00000,7.00000,17.00000,20.00000,20.00000,83,66,70,417,349,250,243
195.05000,178,152,5.00000,11.00000,12.00000,14.00000,14.00000,78,66,57,408,369,254,227
195.06000,153,171,11.00000,10.00000,15.00000,18.00000,18.00000,101,54,65,372,369,264,236
195.07000,185,148,12.00000,15.00000,7.00000,10.00000,10.00000,99,60,49,382,347,290,247
195.08000,170,150,9.00000,9.00000,17.00000,7.00000,7.00000,99,58,60,427,357,268,231
195.09000,169,152,5.00000,15.00000,11.00000,23.00000,23.00000,85,67,56,434,321,230,266
195.10000,184,177,12.00000,13.00000,15.00000,16.00000,16.00000,94,66,66,400,369,281,261
195.11000,155,153,12.00000,8.00000,15.00000,14.00000,14.00000,87,69,67,397,358,254,229
195.12000,152,169,5.00000,13.00000,22.00000,15.00000,15.00000,79,69,59,430,341,225,209
195.13000,164,146,14.00000,10.00000,16.00000,22.00000,22.00000,81,57,50,414,364,257,254
195.14000,172,150,11.00000,5.00000,14.00000,13.00000,13.00000,99,56,55,422,309,284,249
195.15000,178,156,7.00000,12.00000,11.00000,12.00000,12.00000,96,69,54,403,342,264,239
195.16000,134,168,9.00000,18.00000,13.00000,11.00000,11.00000,85,70,63,426,360,235,237
195.17000,184,172,6.00000,9.00000,15.00000,16.00000,16.00000,80,50,60,379,318,247,232
195.18000,182,165,4.00000,13.00000,14.00000,13.00000,13.00000,102,63,68,427,353,240,214
195.19000,161,161,5.00000,12.00000,16.00000,18.00000,18.00000,80,76,58,356,329,241,233
195.20000,158,163,11.00000,10.00000,13.00000,9.00000,9.00000,82,50,69,386,311,248,238
195.21000,161,141,11.00000,8.00000,9.00000,18.00000,18.00000,93,70,47,408,356,259,260
195.22000,165,181,8.00000,8.00000,12.00000,7.00000,7.00000,78,70,61,391,313,289,211
195.23000,186,146,9.00000,10.00000,7.00000,13.00000,13.00000,80,71,61,402,335,230,234
195.24000,170,159,12.00000,9.00000,14.00000,16.00000,16.00000,68,50,62,397,350,257,224
195.25000,173,158,7.00000,16.00000,13.00000,16.00000,16.00000,78,75,52,407,309,251,234
195.26000,162,145,5.00000,9.00000,10.00000,14.00000,14.00000,84,48,61,387,354,238,210
195.27000,191,153,8.00000,14.00000,19.00000,15.00000,15.00000,86,66,57,378,350,241,218
195.28000,156,155,8.00000,8.00000,10.00000,12.00000,12.00000,91,56,53,378,339,267,222
195.29000,164,159,8.00000,10.00000,14.00000,8.00000,8.00000,82,66,57,425,315,270,238
195.30000,149,164,8.00000,6.00000,11.00000,14.00000,14.00000,86,53,66,392,353,234,250
195.31000,156,158,9.00000,13.00000,13.00000,13.00000,13.00000,90,63,59,355,342,247,240
195.32000,163,146,12.00000,10.00000,12.00000,12.00000,12.00000,89,56,47,390,361,248,192
195.33000,189,145,9.00000,13.00000,18.00000,6.00000,6.00000,79,51,57,398,317,258,225
195.34000,177,155,11.00000,10.00000,9.00000,11.00000,11.00000,86,77,46,385,318,253,223
195.35000,163,150,4.00000,5.00000,6.00000,12.00000,12.00000,90,76,50,388,333,270,240
195.36000,165,166,9.00000,5.00000,19.00000,14.00000,14.00000,84,58,65,377,311,268,206
195.37000,169,155,8.00000,11.00000,10.00000,13.00000,13.00000,84,65,55,379,369,266,245
195.38000,160,179,11.00000,10.00000,15.00000,4.00000,4.00000,85,63,60,387,347,253,210
195.39000,182,160,8.00000,3.00000,13.00000,15.00000,15.00000,89,52,64,394,345,252,227
195.40000,193,144,9.00000,13.00000,5.00000,8.00000,8.00000,86,67,47,392,351,239,229
195.41000,168,162,7.00000,10.00000,11.00000,12.00000,12.00000,87,61,55,361,335,258,215
195.42000,174,166,7.00000,11.00000,4.00000,13.00000,13.00000,89,75,53,376,321,260,236
195.43000,160,143,9.00000,8.00000,12.00000,9.00000,9.00000,70,47,59,346,297,239,230
195.44000,154,172,12.00000,10.00000,8.00000,10.00000,10.00000,90,60,50,390,315,254,207
195.45000,151,146,13.00000,9.00000,14.00000,14.00000,14.00000,89,77,65,383,344,238,226
195.46000,171,171,6.00000,17.00000,7.00000,20.00000,20.00000,88,63,48,398,334,230,242
195.47000,171,151,13.00000,8.00000,10.00000,15.00000,15.00000,87,54,61,350,289,257,248
195.48000,164,164,13.00000,14.00000,9.00000,5.00000,5.00000,78,50,57,324,317,245,249
195.49000,162,165,9.00000,14.00000,13.00000,12.00000,12.00000,69,79,64,354,340,255,221
195.50000,178,163,10.00000,8.00000,8.00000,11.00000,11.00000,70,76,42,383,305,240,219