L-value,"AlmO, int (2TAPL), 1 Acm","AlmO, int (4TAPL), 1 Acm","And, int (2TAPL), 1 Acm","And, int (4TAPL), 1 Acm","AlmO, diff (2TAPL), 1 Acm","AlmO, diff (4TAPL), 1 Acm"
184.50000,11.00000,22.00000,17.00000,26.00000,17.00000,17.00000
184.51000,16.00000,18.00000,11.00000,31.00000,11.00000,11.00000
184.52000,13.00000,22.00000,9.00000,17.00000,9.00000,9.00000
184.53000,13.00000,13.00000,22.00000,28.00000,22.00000,22.00000
184.54000,16.00000,16.00000,20.00000,23.00000,20.00000,20.00000
184.55000,19.00000,18.00000,22.00000,35.00000,22.00000,22.00000
184.56000,18.00000,21.00000,21.00000,17.00000,21.00000,21.00000
184.57000,18.00000,20.00000,27.00000,18.00000,27.00000,27.00000
184.58000,13.00000,13.00000,24.00000,33.00000,24.00000,24.00000
184.59000,9.00000,17.00000,19.00000,30.00000,19.00000,19.00000
184.60000,16.00000,17.00000,27.00000,26.00000,27.00000,27.00000
184.61000,10.00000,18.00000,19.00000,23.00000,19.00000,19.00000
184.62000,14.00000,17.00000,19.00000,32.00000,19.00000,19.00000
184.63000,9.00000,20.00000,21.00000,27.00000,21.00000,21.00000
184.64000,17.00000,18.00000,25.00000,26.00000,25.00000,25.00000
184.65000,16.00000,18.00000,25.00000,27.00000,25.00000,25.00000
184.66000,12.00000,16.00000,23.00000,33.00000,23.00000,23.00000
184.67000,13.00000,11.00000,20.00000,26.00000,20.00000,20.00000
184.68000,19.00000,12.00000,17.00000,27.00000,17.00000,17.00000
184.69000,22.00000,18.00000,13.00000,27.00000,13.00000,13.00000
184.70000,19.00000,24.00000,22.00000,35.00000,22.00000,22.00000
184.71000,18.00000,16.00000,13.00000,30.00000,13.00000,13.00000
184.72000,19.00000,27.00000,24.00000,32.00000,24.00000,24.00000
184.73000,11.00000,22.00000,26.00000,25.00000,26.00000,26.00000
184.74000,17.00000,19.00000,14.00000,19.00000,14.00000,14.00000
184.75000,7.00000,24.00000,13.00000,42.00000,13.00000,13.00000
184.76000,20.00000,25.00000,21.00000,38.00000,21.00000,21.00000
184.77000,16.00000,24.00000,15.00000,29.00000,15.00000,15.00000
184.78000,19.00000,20.00000,11.00000,37.00000,11.00000,11.00000
184.79000,17.00000,30.00000,23.00000,33.00000,23.00000,23.00000
184.80000,18.00000,21.00000,18.00000,30.00000,18.00000,18.00000
184.81000,22.00000,25.00000,15.00000,33.00000,15.00000,15.00000
184.82000,12.00000,21.00000,16.00000,33.00000,16.00000,16.00000
184.83000,20.00000,18.00000,21.00000,39.00000,21.00000,21.00000
184.84000,17.00000,25.00000,20.00000,32.00000,20.00000,20.00000
184.85000,14.00000,27.00000,18.00000,30.00000,18.00000,18.00000
184.86000,20.00000,27.00000,16.00000,38.00000,16.00000,16.00000
184.87000,14.00000,31.00000,22.00000,38.00000,22.00000,22.00000
184.88000,18.00000,21.00000,20.00000,20.00000,20.00000,20.00000
184.89000,19.00000,18.00000,16.00000,23.00000,16.00000,16.00000
184.90000,18.00000,22.00000,23.00000,37.00000,23.00000,23.00000
184.91000,21.00000,16.00000,21.00000,48.00000,21.00000,21.00000
184.92000,15.00000,24.00000,26.00000,41.00000,26.00000,26.00000
184.93000,14.00000,20.00000,29.00000,30.00000,29.00000,29.00000
184.94000,18.00000,25.00000,29.00000,46.00000,29.00000,29.00000
184.95000,12.00000,29.00000,20.00000,48.00000,20.00000,20.00000
184.96000,12.00000,29.00000,17.00000,32.00000,17.00000,17.00000
184.97000,16.00000,27.00000,28.00000,35.00000,28.00000,28.00000
184.98000,13.00000,29.00000,23.00000,21.00000,23.00000,23.00000
184.99000,13.00000,34.00000,25.00000,27.00000,25.00000,25.00000
185.00000,18.00000,22.00000,17.00000,29.00000,17.00000,17.00000
185.01000,22.00000,19.00000,25.00000,35.00000,25.00000,25.00000
185.02000,16.00000,24.00000,20.00000,42.00000,20.00000,20.00000
185.03000,16.00000,32.00000,29.00000,30.00000,29.00000,29.00000
185.04000,18.00000,25.00000,29.00000,30.00000,29.00000,29.00000
185.05000,17.00000,24.00000,19.00000,19.00000,19.00000,19.00000
185.06000,17.00000,32.00000,17.00000,34.00000,17.00000,17.00000
185.07000,23.00000,26.00000,27.00000,56.00000,27.00000,27.00000
185.08000,10.00000,28.00000,23.00000,32.00000,23.00000,23.00000
185.09000,11.00000,28.00000,24.00000,29.00000,24.00000,24.00000
185.10000,24.00000,27.00000,22.00000,30.00000,22.00000,22.00000
185.11000,16.00000,23.00000,29.00000,38.00000,29.00000,29.00000
185.12000,22.00000,33.00000,27.00000,43.00000,27.00000,27.00000
185.13000,25.00000,34.00000,32.00000,39.00000,32.00000,32.00000
185.14000,19.00000,24.00000,27.00000,25.00000,27.00000,27.00000
185.15000,28.00000,28.00000,24.00000,41.00000,24.00000,24.00000
185.16000,13.00000,32.00000,24.00000,30.00000,24.00000,24.00000
185.17000,20.00000,39.00000,27.00000,37.00000,27.00000,27.00000
185.18000,24.00000,18.00000,25.00000,37.00000,25.00000,25.00000
185.19000,23.00000,40.00000,28.00000,28.00000,28.00000,28.00000
185.20000,22.00000,34.00000,24.00000,41.00000,24.00000,24.00000
185.21000,22.00000,31.00000,33.00000,43.00000,33.00000,33.00000
185.22000,25.00000,32.00000,35.00000,44.00000,35.00000,35.00000
185.23000,11.00000,39.00000,35.00000,37.00000,35.00000,35.00000
185.24000,19.00000,38.00000,24.00000,58.00000,24.00000,24.00000
185.25000,17.00000,15.00000,17.00000,45.00000,17.00000,17.00000
185.26000,21.00000,22.00000,31.00000,49.00000,31.00000,31.00000
185.27000,27.00000,25.00000,28.00000,46.00000,28.00000,28.00000
185.28000,23.00000,25.00000,27.00000,33.00000,27.00000,27.00000
185.29000,22.00000,37.00000,19.00000,43.00000,19.00000,19.00000
185.30000,20.00000,39.00000,27.00000,47.00000,27.00000,27.00000
185.31000,16.00000,33.00000,26.00000,41.00000,26.00000,26.00000
185.32000,18.00000,22.00000,26.00000,33.00000,26.00000,26.00000
185.33000,21.00000,36.00000,27.00000,36.00000,27.00000,27.00000
185.34000,22.00000,24.00000,24.00000,53.00000,24.00000,24.00000
185.35000,25.00000,31.00000,34.00000,32.00000,34.00000,34.00000
185.36000,17.00000,26.00000,20.00000,47.00000,20.00000,20.00000
185.37000,26.00000,38.00000,26.00000,28.00000,26.00000,26.00000
185.38000,27.00000,30.00000,34.00000,57.00000,34.00000,34.00000
185.39000,24.00000,41.00000,49.00000,40.00000,49.00000,49.00000
185.40000,16.00000,27.00000,33.00000,50.00000,33.00000,33.00000
185.41000,27.00000,37.00000,17.00000,37.00000,17.00000,17.00000
185.42000,25.00000,29.00000,43.00000,33.00000,43.00000,43.00000
185.43000,22.00000,35.00000,25.00000,44.00000,25.00000,25.00000
185.44000,19.00000,27.00000,35.00000,58.00000,35.00000,35.00000
185.45000,16.00000,22.00000,34.00000,36.00000,34.00000,34.00000
185.46000,26.00000,35.00000,35.00000,49.00000,35.00000,35.00000
185.47000,23.00000,34.00000,21.00000,53.00000,21.00000,21.00000
185.48000,22.00000,35.00000,29.00000,57.00000,29.00000,29.00000
185.49000,29.00000,32.00000,28.00000,47.00000,28.00000,28.00000
185.50000,28.00000,40.00000,27.00000,49.00000,27.00000,27.00000
185.51000,28.00000,41.00000,37.00000,38.00000,37.00000,37.00000
185.52000,20.00000,31.00000,25.00000,53.00000,25.00000,25.00000
185.53000,19.00000,44.00000,36.00000,63.00000,36.00000,36.00000
185.54000,22.00000,41.00000,27.00000,58.00000,27.00000,27.00000
185.55000,30.00000,29.00000,38.00000,50.00000,38.00000,38.00000
185.56000,20.00000,32.00000,37.00000,57.00000,37.00000,37.00000
185.57000,21.00000,27.00000,36.00000,46.00000,36.00000,36.00000
185.58000,15.00000,26.00000,32.00000,50.00000,32.00000,32.00000
185.59000,21.00000,30.00000,24.00000,45.00000,24.00000,24.00000
185.60000,30.00000,32.00000,30.00000,49.00000,30.00000,30.00000
185.61000,33.00000,37.00000,35.00000,48.00000,35.00000,35.00000
185.62000,30.00000,32.00000,34.00000,47.00000,34.00000,34.00000
185.63000,27.00000,38.00000,33.00000,50.00000,33.00000,33.00000
185.64000,27.00000,37.00000,32.00000,48.00000,32.00000,32.00000
185.65000,22.00000,43.00000,27.00000,48.00000,27.00000,27.00000
185.66000,21.00000,38.00000,36.00000,56.00000,36.00000,36.00000
185.67000,26.00000,45.00000,38.00000,52.00000,38.00000,38.00000
185.68000,27.00000,32.00000,44.00000,53.00000,44.00000,44.00000
185.69000,23.00000,33.00000,50.00000,49.00000,50.00000,50.00000
185.70000,33.00000,34.00000,31.00000,55.00000,31.00000,31.00000
185.71000,26.00000,40.00000,39.00000,57.00000,39.00000,39.00000
185.72000,20.00000,43.00000,47.00000,60.00000,47.00000,47.00000
185.73000,28.00000,36.00000,38.00000,47.00000,38.00000,38.00000
185.74000,34.00000,42.00000,27.00000,42.00000,27.00000,27.00000
185.75000,23.00000,44.00000,25.00000,52.00000,25.00000,25.00000
185.76000,24.00000,38.00000,37.00000,49.00000,37.00000,37.00000
185.77000,23.00000,41.00000,32.00000,50.00000,32.00000,32.00000
185.78000,30.00000,49.00000,38.00000,50.00000,38.00000,38.00000
185.79000,20.00000,39.00000,29.00000,47.00000,29.00000,29.00000
185.80000,26.00000,46.00000,50.00000,52.00000,50.00000,50.00000
185.81000,29.00000,30.00000,34.00000,65.00000,34.00000,34.00000
185.82000,41.00000,43.00000,38.00000,60.00000,38.00000,38.00000
185.83000,31.00000,52.00000,34.00000,55.00000,34.00000,34.00000
185.84000,33.00000,49.00000,38.00000,61.00000,38.00000,38.00000
185.85000,37.00000,36.00000,43.00000,55.00000,43.00000,43.00000
185.86000,26.00000,38.00000,43.00000,50.00000,43.00000,43.00000
185.87000,30.00000,44.00000,45.00000,59.00000,45.00000,45.00000
185.88000,38.00000,43.00000,37.00000,46.00000,37.00000,37.00000
185.89000,32.00000,46.00000,37.00000,57.00000,37.00000,37.00000
185.90000,18.00000,48.00000,39.00000,48.00000,39.00000,39.00000
185.91000,22.00000,30.00000,48.00000,55.00000,48.00000,48.00000
185.92000,30.00000,47.00000,21.00000,55.00000,21.00000,21.00000
185.93000,25.00000,41.00000,57.00000,59.00000,57.00000,57.00000
185.94000,26.00000,39.00000,41.00000,57.00000,41.00000,41.00000
185.95000,30.00000,52.00000,36.00000,58.00000,36.00000,36.00000
185.96000,26.00000,41.00000,35.00000,55.00000,35.00000,35.00000
185.97000,24.00000,51.00000,51.00000,63.00000,51.00000,51.00000
185.98000,28.00000,40.00000,42.00000,53.00000,42.00000,42.00000
185.99000,30.00000,38.00000,48.00000,55.00000,48.00000,48.00000
186.00000,19.00000,56.00000,43.00000,54.00000,43.00000,43.00000
186.01000,29.00000,48.00000,57.00000,74.00000,57.00000,57.00000
186.02000,29.00000,53.00000,36.00000,39.00000,36.00000,36.00000
186.03000,29.00000,46.00000,35.00000,60.00000,35.00000,35.00000
186.04000,37.00000,50.00000,38.00000,53.00000,38.00000,38.00000
186.05000,33.00000,40.00000,37.00000,60.00000,37.00000,37.00000
186.06000,24.00000,42.00000,39.00000,55.00000,39.00000,39.00000
186.07000,29.00000,46.00000,44.00000,48.00000,44.00000,44.00000
186.08000,37.00000,49.00000,49.00000,55.00000,49.00000,49.00000
186.09000,34.00000,45.00000,47.00000,51.00000,47.00000,47.00000
186.10000,30.00000,50.00000,46.00000,55.00000,46.00000,46.00000
186.11000,20.00000,37.00000,55.00000,68.00000,55.00000,55.00000
186.12000,29.00000,39.00000,35.00000,69.00000,35.00000,35.00000
186.13000,45.00000,51.00000,46.00000,63.00000,46.00000,46.00000
186.14000,30.00000,46.00000,35.00000,67.00000,35.00000,35.00000
186.15000,41.00000,52.00000,46.00000,57.00000,46.00000,46.00000
186.16000,35.00000,42.00000,54.00000,71.00000,54.00000,54.00000
186.17000,36.00000,51.00000,44.00000,72.00000,44.00000,44.00000
186.18000,34.00000,58.00000,48.00000,76.00000,48.00000,48.00000
186.19000,39.00000,45.00000,50.00000,61.00000,50.00000,50.00000
186.20000,43.00000,50.00000,62.00000,67.00000,62.00000,62.00000
186.21000,32.00000,53.00000,37.00000,61.00000,37.00000,37.00000
186.22000,30.00000,51.00000,46.00000,67.00000,46.00000,46.00000
186.23000,25.00000,55.00000,48.00000,65.00000,48.00000,48.00000
186.24000,41.00000,51.00000,42.00000,68.00000,42.00000,42.00000
186.25000,42.00000,44.00000,42.00000,73.00000,42.00000,42.00000
186.26000,33.00000,56.00000,44.00000,69.00000,44.00000,44.00000
186.27000,41.00000,40.00000,40.00000,71.00000,40.00000,40.00000
186.28000,28.00000,44.00000,48.00000,59.00000,48.00000,48.00000
186.29000,42.00000,53.00000,57.00000,70.00000,57.00000,57.00000
186.30000,40.00000,44.00000,67.00000,83.00000,67.00000,67.00000
186.31000,34.00000,50.00000,52.00000,71.00000,52.00000,52.00000
186.32000,33.00000,47.00000,53.00000,78.00000,53.00000,53.00000
186.33000,34.00000,46.00000,50.00000,68.00000,50.00000,50.00000
186.34000,43.00000,50.00000,52.00000,82.00000,52.00000,52.00000
186.35000,35.00000,51.00000,56.00000,75.00000,56.00000,56.00000
186.36000,41.00000,46.00000,42.00000,65.00000,42.00000,42.00000
186.37000,34.00000,46.00000,36.00000,74.00000,36.00000,36.00000
186.38000,47.00000,48.00000,54.00000,76.00000,54.00000,54.00000
186.39000,26.00000,61.00000,44.00000,88.00000,44.00000,44.00000
186.40000,35.00000,41.00000,37.00000,73.00000,37.00000,37.00000
186.41000,44.00000,52.00000,49.00000,61.00000,49.00000,49.00000
186.42000,31.00000,62.00000,54.00000,62.00000,54.00000,54.00000
186.43000,26.00000,60.00000,64.00000,83.00000,64.00000,64.00000
186.44000,31.00000,54.00000,58.00000,85.00000,58.00000,58.00000
186.45000,34.00000,51.00000,57.00000,77.00000,57.00000,57.00000
186.46000,38.00000,56.00000,58.00000,78.00000,58.00000,58.00000
186.47000,37.00000,52.00000,49.00000,88.00000,49.00000,49.00000
186.48000,42.00000,56.00000,57.00000,68.00000,57.00000,57.00000
186.49000,29.00000,57.00000,52.00000,83.00000,52.00000,52.00000
186.50000,40.00000,55.00000,57.00000,89.00000,57.00000,57.00000
186.51000,34.00000,70.00000,45.00000,97.00000,45.00000,45.00000
186.52000,41.00000,42.00000,53.00000,102.00000,53.00000,53.00000
186.53000,48.00000,59.00000,53.00000,79.00000,53.00000,53.00000
186.54000,37.00000,50.00000,66.00000,75.00000,66.00000,66.00000
186.55000,38.00000,44.00000,54.00000,70.00000,54.00000,54.00000
186.56000,35.00000,65.00000,50.00000,98.00000,50.00000,50.00000
186.57000,48.00000,59.00000,73.00000,82.00000,73.00000,73.00000
186.58000,41.00000,52.00000,68.00000,73.00000,68.00000,68.00000
186.59000,44.00000,69.00000,75.00000,67.00000,75.00000,75.00000
186.60000,30.00000,59.00000,60.00000,89.00000,60.00000,60.00000
186.61000,36.00000,66.00000,44.00000,76.00000,44.00000,44.00000
186.62000,39.00000,67.00000,62.00000,77.00000,62.00000,62.00000
186.63000,40.00000,68.00000,54.00000,84.00000,54.00000,54.00000
186.64000,33.00000,58.00000,55.00000,80.00000,55.00000,55.00000
186.65000,39.00000,64.00000,70.00000,82.00000,70.00000,70.00000
186.66000,25.00000,66.00000,79.00000,72.00000,79.00000,79.00000
186.67000,39.00000,60.00000,65.00000,91.00000,65.00000,65.00000
186.68000,52.00000,62.00000,63.00000,113.00000,63.00000,63.00000
186.69000,33.00000,58.00000,71.00000,79.00000,71.00000,71.00000
186.70000,39.00000,67.00000,77.00000,74.00000,77.00000,77.00000
186.71000,39.00000,53.00000,70.00000,95.00000,70.00000,70.00000
186.72000,44.00000,63.00000,88.00000,93.00000,88.00000,88.00000
186.73000,41.00000,57.00000,74.00000,106.00000,74.00000,74.00000
186.74000,44.00000,63.00000,77.00000,97.00000,77.00000,77.00000
186.75000,54.00000,62.00000,70.00000,101.00000,70.00000,70.00000
186.76000,49.00000,75.00000,66.00000,82.00000,66.00000,66.00000
186.77000,44.00000,74.00000,72.00000,80.00000,72.00000,72.00000
186.78000,42.00000,83.00000,67.00000,95.00000,67.00000,67.00000
186.79000,51.00000,85.00000,83.00000,98.00000,83.00000,83.00000
186.80000,46.00000,66.00000,81.00000,107.00000,81.00000,81.00000
186.81000,49.00000,74.00000,61.00000,91.00000,61.00000,61.00000
186.82000,42.00000,70.00000,87.00000,117.00000,87.00000,87.00000
186.83000,66.00000,71.00000,72.00000,94.00000,72.00000,72.00000
186.84000,39.00000,72.00000,71.00000,116.00000,71.00000,71.00000
186.85000,39.00000,57.00000,86.00000,107.00000,86.00000,86.00000
186.86000,46.00000,58.00000,101.00000,95.00000,101.00000,101.00000
186.87000,45.00000,72.00000,82.00000,106.00000,82.00000,82.00000
186.88000,42.00000,77.00000,74.00000,107.00000,74.00000,74.00000
186.89000,44.00000,60.00000,98.00000,112.00000,98.00000,98.00000
186.90000,38.00000,80.00000,77.00000,108.00000,77.00000,77.00000
186.91000,50.00000,66.00000,75.00000,104.00000,75.00000,75.00000
186.92000,49.00000,63.00000,72.00000,117.00000,72.00000,72.00000
186.93000,46.00000,70.00000,80.00000,135.00000,80.00000,80.00000
186.94000,50.00000,69.00000,85.00000,116.00000,85.00000,85.00000
186.95000,55.00000,83.00000,89.00000,124.00000,89.00000,89.00000
186.96000,47.00000,86.00000,74.00000,119.00000,74.00000,74.00000
186.97000,38.00000,67.00000,88.00000,108.00000,88.00000,88.00000
186.98000,54.00000,76.00000,83.00000,116.00000,83.00000,83.00000
186.99000,49.00000,77.00000,91.00000,123.00000,91.00000,91.00000
187.00000,45.00000,85.00000,85.00000,144.00000,85.00000,85.00000
187.01000,63.00000,64.00000,96.00000,153.00000,96.00000,96.00000
187.02000,38.00000,81.00000,101.00000,130.00000,101.00000,101.00000
187.03000,53.00000,76.00000,123.00000,142.00000,123.00000,123.00000
187.04000,56.00000,79.00000,93.00000,118.00000,93.00000,93.00000
187.05000,53.00000,80.00000,82.00000,143.00000,82.00000,82.00000
187.06000,50.00000,78.00000,109.00000,150.00000,109.00000,109.00000
187.07000,49.00000,81.00000,97.00000,149.00000,97.00000,97.00000
187.08000,51.00000,82.00000,93.00000,130.00000,93.00000,93.00000
187.09000,52.00000,70.00000,94.00000,141.00000,94.00000,94.00000
187.10000,55.00000,86.00000,113.00000,163.00000,113.00000,113.00000
187.11000,55.00000,90.00000,106.00000,157.00000,106.00000,106.00000
187.12000,66.00000,89.00000,115.00000,168.00000,115.00000,115.00000
187.13000,58.00000,69.00000,97.00000,157.00000,97.00000,97.00000
187.14000,65.00000,76.00000,114.00000,179.00000,114.00000,114.00000
187.15000,59.00000,93.00000,96.00000,161.00000,96.00000,96.00000
187.16000,55.00000,88.00000,99.00000,147.00000,99.00000,99.00000
187.17000,72.00000,95.00000,131.00000,150.00000,131.00000,131.00000
187.18000,66.00000,81.00000,112.00000,167.00000,112.00000,112.00000
187.19000,59.00000,77.00000,117.00000,164.00000,117.00000,117.00000
187.20000,68.00000,110.00000,96.00000,184.00000,96.00000,96.00000
187.21000,72.00000,105.00000,118.00000,177.00000,118.00000,118.00000
187.22000,59.00000,108.00000,105.00000,175.00000,105.00000,105.00000
187.23000,65.00000,92.00000,111.00000,194.00000,111.00000,111.00000
187.24000,58.00000,94.00000,140.00000,177.00000,140.00000,140.00000
187.25000,66.00000,121.00000,145.00000,156.00000,145.00000,145.00000
187.26000,49.00000,110.00000,130.00000,189.00000,130.00000,130.00000
187.27000,60.00000,121.00000,125.00000,204.00000,125.00000,125.00000
187.28000,63.00000,103.00000,154.00000,200.00000,154.00000,154.00000
187.29000,79.00000,100.00000,132.00000,193.00000,132.00000,132.00000
187.30000,88.00000,108.00000,125.00000,206.00000,125.00000,125.00000
187.31000,81.00000,131.00000,142.00000,212.00000,142.00000,142.00000
187.32000,83.00000,112.00000,162.00000,209.00000,162.00000,162.00000
187.33000,75.00000,122.00000,131.00000,224.00000,131.00000,131.00000
187.34000,80.00000,110.00000,150.00000,214.00000,150.00000,150.00000
187.35000,70.00000,115.00000,145.00000,231.00000,145.00000,145.00000
187.36000,78.00000,114.00000,162.00000,218.00000,162.00000,162.00000
187.37000,70.00000,139.00000,141.00000,232.00000,141.00000,141.00000
187.38000,96.00000,117.00000,164.00000,233.00000,164.00000,164.00000
187.39000,93.00000,119.00000,162.00000,233.00000,162.00000,162.00000
187.40000,92.00000,130.00000,139.00000,234.00000,139.00000,139.00000
187.41000,95.00000,131.00000,158.00000,218.00000,158.00000,158.00000
187.42000,80.00000,146.00000,137.00000,230.00000,137.00000,137.00000
187.43000,97.00000,123.00000,161.00000,269.00000,161.00000,161.00000
187.44000,103.00000,138.00000,142.00000,269.00000,142.00000,142.00000
187.45000,78.00000,113.00000,150.00000,237.00000,150.00000,150.00000
187.46000,87.00000,125.00000,163.00000,230.00000,163.00000,163.00000
187.47000,88.00000,132.00000,170.00000,254.00000,170.00000,170.00000
187.48000,98.00000,147.00000,148.00000,244.00000,148.00000,148.00000
187.49000,94.00000,119.00000,184.00000,278.00000,184.00000,184.00000
187.50000,117.00000,154.00000,170.00000,276.00000,170.00000,170.00000
187.51000,100.00000,136.00000,144.00000,277.00000,144.00000,144.00000
187.52000,126.00000,156.00000,171.00000,235.00000,171.00000,171.00000
187.53000,123.00000,163.00000,186.00000,284.00000,186.00000,186.00000
187.54000,105.00000,141.00000,154.00000,278.00000,154.00000,154.00000
187.55000,99.00000,133.00000,192.00000,284.00000,192.00000,192.00000
187.56000,103.00000,170.00000,168.00000,265.00000,168.00000,168.00000
187.57000,124.00000,154.00000,178.00000,283.00000,178.00000,178.00000
187.58000,117.00000,186.00000,191.00000,303.00000,191.00000,191.00000
187.59000,116.00000,195.00000,178.00000,275.00000,178.00000,178.00000
187.60000,133.00000,170.00000,187.00000,239.00000,187.00000,187.00000
187.61000,125.00000,171.00000,165.00000,298.00000,165.00000,165.00000
187.62000,124.00000,181.00000,177.00000,291.00000,177.00000,177.00000
187.63000,99.00000,204.00000,179.00000,306.00000,179.00000,179.00000
187.64000,109.00000,175.00000,177.00000,276.00000,177.00000,177.00000
187.65000,98.00000,164.00000,210.00000,261.00000,210.00000,210.00000
187.66000,129.00000,209.00000,204.00000,279.00000,204.00000,204.00000
187.67000,117.00000,192.00000,189.00000,283.00000,189.00000,189.00000
187.68000,139.00000,181.00000,198.00000,282.00000,198.00000,198.00000
187.69000,115.00000,189.00000,182.00000,292.00000,182.00000,182.00000
187.70000,110.00000,182.00000,197.00000,278.00000,197.00000,197.00000
187.71000,128.00000,238.00000,191.00000,275.00000,191.00000,191.00000
187.72000,124.00000,201.00000,201.00000,288.00000,201.00000,201.00000
187.73000,108.00000,202.00000,192.00000,299.00000,192.00000,192.00000
187.74000,136.00000,206.00000,180.00000,302.00000,180.00000,180.00000
187.75000,131.00000,226.00000,192.00000,285.00000,192.00000,192.00000
187.76000,148.00000,222.00000,193.00000,289.00000,193.00000,193.00000
187.77000,152.00000,220.00000,176.00000,309.00000,176.00000,176.00000
187.78000,144.00000,209.00000,198.00000,301.00000,198.00000,198.00000
187.79000,123.00000,244.00000,184.00000,272.00000,184.00000,184.00000
187.80000,139.00000,248.00000,171.00000,251.00000,171.00000,171.00000
187.81000,137.00000,214.00000,186.00000,297.00000,186.00000,186.00000
187.82000,134.00000,234.00000,169.00000,292.00000,169.00000,169.00000
187.83000,154.00000,265.00000,160.00000,288.00000,160.00000,160.00000
187.84000,145.00000,217.00000,176.00000,298.00000,176.00000,176.00000
187.85000,141.00000,249.00000,175.00000,283.00000,175.00000,175.00000
187.86000,148.00000,246.00000,176.00000,306.00000,176.00000,176.00000
187.87000,171.00000,219.00000,166.00000,276.00000,166.00000,166.00000
187.88000,162.00000,246.00000,157.00000,254.00000,157.00000,157.00000
187.89000,152.00000,242.00000,177.00000,274.00000,177.00000,177.00000
187.90000,139.00000,259.00000,166.00000,288.00000,166.00000,166.00000
187.91000,158.00000,253.00000,183.00000,249.00000,183.00000,183.00000
187.92000,152.00000,249.00000,191.00000,245.00000,191.00000,191.00000
187.93000,159.00000,234.00000,169.00000,275.00000,169.00000,169.00000
187.94000,141.00000,257.00000,170.00000,259.00000,170.00000,170.00000
187.95000,139.00000,256.00000,148.00000,261.00000,148.00000,148.00000
187.96000,157.00000,213.00000,150.00000,236.00000,150.00000,150.00000
187.97000,162.00000,257.00000,172.00000,219.00000,172.00000,172.00000
187.98000,153.00000,265.00000,145.00000,308.00000,145.00000,145.00000
187.99000,137.00000,251.00000,153.00000,236.00000,153.00000,153.00000
188.00000,147.00000,250.00000,161.00000,231.00000,161.00000,161.00000
188.01000,153.00000,225.00000,146.00000,237.00000,146.00000,146.00000
188.02000,155.00000,233.00000,156.00000,233.00000,156.00000,156.00000
188.03000,154.00000,231.00000,135.00000,227.00000,135.00000,135.00000
188.04000,162.00000,267.00000,140.00000,235.00000,140.00000,140.00000
188.05000,142.00000,250.00000,154.00000,254.00000,154.00000,154.00000
188.06000,157.00000,266.00000,125.00000,207.00000,125.00000,125.00000
188.07000,138.00000,242.00000,150.00000,231.00000,150.00000,150.00000
188.08000,170.00000,275.00000,129.00000,229.00000,129.00000,129.00000
188.09000,134.00000,284.00000,115.00000,215.00000,115.00000,115.00000
188.10000,141.00000,238.00000,138.00000,198.00000,138.00000,138.00000
188.11000,125.00000,259.00000,142.00000,199.00000,142.00000,142.00000
188.12000,142.00000,269.00000,130.00000,198.00000,130.00000,130.00000
188.13000,129.00000,232.00000,114.00000,190.00000,114.00000,114.00000
188.14000,156.00000,250.00000,138.00000,205.00000,138.00000,138.00000
188.15000,133.00000,266.00000,131.00000,195.00000,131.00000,131.00000
188.16000,132.00000,241.00000,108.00000,163.00000,108.00000,108.00000
188.17000,140.00000,248.00000,125.00000,169.00000,125.00000,125.00000
188.18000,138.00000,228.00000,128.00000,195.00000,128.00000,128.00000
188.19000,135.00000,229.00000,129.00000,162.00000,129.00000,129.00000
188.20000,135.00000,236.00000,119.00000,185.00000,119.00000,119.00000
188.21000,126.00000,196.00000,96.00000,190.00000,96.00000,96.00000
188.22000,139.00000,206.00000,104.00000,180.00000,104.00000,104.00000
188.23000,142.00000,207.00000,101.00000,175.00000,101.00000,101.00000
188.24000,128.00000,222.00000,108.00000,182.00000,108.00000,108.00000
188.25000,121.00000,193.00000,113.00000,174.00000,113.00000,113.00000
188.26000,136.00000,209.00000,104.00000,178.00000,104.00000,104.00000
188.27000,114.00000,212.00000,99.00000,159.00000,99.00000,99.00000
188.28000,116.00000,208.00000,106.00000,166.00000,106.00000,106.00000
188.29000,108.00000,215.00000,94.00000,177.00000,94.00000,94.00000
188.30000,124.00000,219.00000,90.00000,149.00000,90.00000,90.00000
188.31000,109.00000,174.00000,81.00000,170.00000,81.00000,81.00000
188.32000,95.00000,183.00000,112.00000,155.00000,112.00000,112.00000
188.33000,113.00000,160.00000,96.00000,161.00000,96.00000,96.00000
188.34000,104.00000,171.00000,110.00000,133.00000,110.00000,110.00000
188.35000,114.00000,180.00000,99.00000,174.00000,99.00000,99.00000
188.36000,107.00000,179.00000,95.00000,169.00000,95.00000,95.00000
188.37000,101.00000,161.00000,99.00000,166.00000,99.00000,99.00000
188.38000,99.00000,168.00000,89.00000,128.00000,89.00000,89.00000
188.39000,92.00000,155.00000,92.00000,139.00000,92.00000,92.00000
188.40000,102.00000,154.00000,89.00000,144.00000,89.00000,89.00000
188.41000,92.00000,161.00000,87.00000,152.00000,87.00000,87.00000
188.42000,103.00000,175.00000,77.00000,138.00000,77.00000,77.00000
188.43000,100.00000,145.00000,90.00000,132.00000,90.00000,90.00000
188.44000,92.00000,152.00000,87.00000,141.00000,87.00000,87.00000
188.45000,107.00000,153.00000,83.00000,128.00000,83.00000,83.00000
188.46000,78.00000,168.00000,100.00000,141.00000,100.00000,100.00000
188.47000,79.00000,144.00000,73.00000,129.00000,73.00000,73.00000
188.48000,86.00000,144.00000,82.00000,140.00000,82.00000,82.00000
188.49000,73.00000,169.00000,90.00000,148.00000,90.00000,90.00000
188.50000,84.00000,143.00000,89.00000,110.00000,89.00000,89.00000
188.51000,84.00000,141.00000,92.00000,132.00000,92.00000,92.00000
188.52000,98.00000,152.00000,82.00000,141.00000,82.00000,82.00000
188.53000,78.00000,156.00000,68.00000,119.00000,68.00000,68.00000
188.54000,73.00000,152.00000,65.00000,129.00000,65.00000,65.00000
188.55000,95.00000,134.00000,83.00000,126.00000,83.00000,83.00000
188.56000,86.00000,106.00000,77.00000,124.00000,77.00000,77.00000
188.57000,72.00000,137.00000,81.00000,143.00000,81.00000,81.00000
188.58000,85.00000,133.00000,96.00000,128.00000,96.00000,96.00000
188.59000,79.00000,111.00000,57.00000,114.00000,57.00000,57.00000
188.60000,71.00000,131.00000,81.00000,110.00000,81.00000,81.00000
188.61000,91.00000,139.00000,78.00000,118.00000,78.00000,78.00000
188.62000,86.00000,125.00000,94.00000,97.00000,94.00000,94.00000
188.63000,72.00000,111.00000,88.00000,104.00000,88.00000,88.00000
188.64000,89.00000,126.00000,69.00000,132.00000,69.00000,69.00000
188.65000,73.00000,136.00000,98.00000,115.00000,98.00000,98.00000
188.66000,64.00000,125.00000,67.00000,116.00000,67.00000,67.00000
188.67000,77.00000,118.00000,85.00000,130.00000,85.00000,85.00000
188.68000,63.00000,124.00000,80.00000,110.00000,80.00000,80.00000
188.69000,71.00000,126.00000,57.00000,120.00000,57.00000,57.00000
188.70000,74.00000,144.00000,75.00000,128.00000,75.00000,75.00000
188.71000,65.00000,114.00000,77.00000,112.00000,77.00000,77.00000
188.72000,71.00000,125.00000,64.00000,120.00000,64.00000,64.00000
188.73000,58.00000,110.00000,91.00000,142.00000,91.00000,91.00000
188.74000,61.00000,116.00000,78.00000,124.00000,78.00000,78.00000
188.75000,61.00000,93.00000,71.00000,101.00000,71.00000,71.00000
188.76000,63.00000,110.00000,64.00000,108.00000,64.00000,64.00000
188.77000,66.00000,119.00000,76.00000,112.00000,76.00000,76.00000
188.78000,60.00000,114.00000,72.00000,116.00000,72.00000,72.00000
188.79000,64.00000,111.00000,73.00000,104.00000,73.00000,73.00000
188.80000,74.00000,102.00000,71.00000,103.00000,71.00000,71.00000
188.81000,57.00000,92.00000,74.00000,104.00000,74.00000,74.00000
188.82000,71.00000,96.00000,78.00000,130.00000,78.00000,78.00000
188.83000,71.00000,123.00000,72.00000,102.00000,72.00000,72.00000
188.84000,69.00000,112.00000,72.00000,107.00000,72.00000,72.00000
188.85000,42.00000,98.00000,72.00000,107.00000,72.00000,72.00000
188.86000,54.00000,93.00000,81.00000,115.00000,81.00000,81.00000
188.87000,57.00000,123.00000,75.00000,118.00000,75.00000,75.00000
188.88000,48.00000,82.00000,79.00000,119.00000,79.00000,79.00000
188.89000,68.00000,113.00000,70.00000,83.00000,70.00000,70.00000
188.90000,70.00000,106.00000,50.00000,119.00000,50.00000,50.00000
188.91000,54.00000,83.00000,89.00000,113.00000,89.00000,89.00000
188.92000,53.00000,98.00000,64.00000,101.00000,64.00000,64.00000
188.93000,62.00000,95.00000,73.00000,109.00000,73.00000,73.00000
188.94000,65.00000,93.00000,70.00000,103.00000,70.00000,70.00000
188.95000,55.00000,108.00000,58.00000,106.00000,58.00000,58.00000
188.96000,58.00000,86.00000,77.00000,119.00000,77.00000,77.00000
188.97000,55.00000,95.00000,54.00000,103.00000,54.00000,54.00000
188.98000,59.00000,109.00000,71.00000,95.00000,71.00000,71.00000
188.99000,55.00000,107.00000,71.00000,96.00000,71.00000,71.00000
189.00000,65.00000,90.00000,81.00000,104.00000,81.00000,81.00000
189.01000,71.00000,104.00000,71.00000,120.00000,71.00000,71.00000
189.02000,60.00000,91.00000,70.00000,94.00000,70.00000,70.00000
189.03000,52.00000,96.00000,87.00000,114.00000,87.00000,87.00000
189.04000,57.00000,100.00000,66.00000,108.00000,66.00000,66.00000
189.05000,63.00000,104.00000,57.00000,119.00000,57.00000,57.00000
189.06000,62.00000,94.00000,84.00000,98.00000,84.00000,84.00000
189.07000,49.00000,98.00000,72.00000,122.00000,72.00000,72.00000
189.08000,64.00000,106.00000,66.00000,94.00000,66.00000,66.00000
189.09000,62.00000,67.00000,67.00000,108.00000,67.00000,67.00000
189.10000,76.00000,81.00000,69.00000,103.00000,69.00000,69.00000
189.11000,64.00000,107.00000,66.00000,112.00000,66.00000,66.00000
189.12000,69.00000,115.00000,77.00000,93.00000,77.00000,77.00000
189.13000,56.00000,96.00000,68.00000,100.00000,68.00000,68.00000
189.14000,60.00000,100.00000,63.00000,115.00000,63.00000,63.00000
189.15000,57.00000,100.00000,63.00000,112.00000,63.00000,63.00000
189.16000,60.00000,91.00000,76.00000,103.00000,76.00000,76.00000
189.17000,44.00000,94.00000,80.00000,109.00000,80.00000,80.00000
189.18000,60.00000,99.00000,55.00000,106.00000,55.00000,55.00000
189.19000,55.00000,87.00000,67.00000,102.00000,67.00000,67.00000
189.20000,72.00000,99.00000,84.00000,99.00000,84.00000,84.00000
189.21000,56.00000,83.00000,77.00000,113.00000,77.00000,77.00000
189.22000,52.00000,94.00000,84.00000,103.00000,84.00000,84.00000
189.23000,65.00000,90.00000,66.00000,89.00000,66.00000,66.00000
189.24000,55.00000,74.00000,79.00000,105.00000,79.00000,79.00000
189.25000,81.00000,109.00000,83.00000,102.00000,83.00000,83.00000
189.26000,68.00000,98.00000,67.00000,100.00000,67.00000,67.00000
189.27000,57.00000,95.00000,71.00000,101.00000,71.00000,71.00000
189.28000,64.00000,84.00000,76.00000,115.00000,76.00000,76.00000
189.29000,41.00000,89.00000,87.00000,108.00000,87.00000,87.00000
189.30000,58.00000,85.00000,72.00000,108.00000,72.00000,72.00000
189.31000,60.00000,95.00000,66.00000,92.00000,66.00000,66.00000
189.32000,68.00000,79.00000,70.00000,97.00000,70.00000,70.00000
189.33000,53.00000,80.00000,69.00000,104.00000,69.00000,69.00000
189.34000,57.00000,87.00000,61.00000,105.00000,61.00000,61.00000
189.35000,59.00000,87.00000,69.00000,119.00000,69.00000,69.00000
189.36000,54.00000,86.00000,77.00000,97.00000,77.00000,77.00000
189.37000,57.00000,109.00000,80.00000,114.00000,80.00000,80.00000
189.38000,45.00000,73.00000,71.00000,94.00000,71.00000,71.00000
189.39000,56.00000,93.00000,86.00000,113.00000,86.00000,86.00000
189.40000,66.00000,92.00000,93.00000,103.00000,93.00000,93.00000
189.41000,62.00000,95.00000,76.00000,103.00000,76.00000,76.00000
189.42000,59.00000,69.00000,69.00000,101.00000,69.00000,69.00000
189.43000,61.00000,94.00000,94.00000,120.00000,94.00000,94.00000
189.44000,52.00000,77.00000,69.00000,100.00000,69.00000,69.00000
189.45000,60.00000,82.00000,69.00000,91.00000,69.00000,69.00000
189.46000,46.00000,73.00000,81.00000,101.00000,81.00000,81.00000
189.47000,66.00000,91.00000,81.00000,108.00000,81.00000,81.00000
189.48000,53.00000,94.00000,61.00000,113.00000,61.00000,61.00000
189.49000,47.00000,84.00000,88.00000,104.00000,88.00000,88.00000
189.50000,68.00000,83.00000,75.00000,102.00000,75.00000,75.00000
189.51000,64.00000,90.00000,81.00000,104.00000,81.00000,81.00000
189.52000,57.00000,105.00000,79.00000,95.00000,79.00000,79.00000
189.53000,65.00000,82.00000,85.00000,109.00000,85.00000,85.00000
189.54000,50.00000,85.00000,68.00000,126.00000,68.00000,68.00000
189.55000,51.00000,81.00000,74.00000,107.00000,74.00000,74.00000
189.56000,57.00000,95.00000,90.00000,101.00000,90.00000,90.00000
189.57000,60.00000,87.00000,80.00000,113.00000,80.00000,80.00000
189.58000,59.00000,78.00000,72.00000,114.00000,72.00000,72.00000
189.59000,62.00000,77.00000,74.00000,135.00000,74.00000,74.00000
189.60000,49.00000,99.00000,80.00000,115.00000,80.00000,80.00000
189.61000,55.00000,98.00000,93.00000,114.00000,93.00000,93.00000
189.62000,68.00000,80.00000,91.00000,121.00000,91.00000,91.00000
189.63000,54.00000,86.00000,84.00000,113.00000,84.00000,84.00000
189.64000,55.00000,87.00000,87.00000,104.00000,87.00000,87.00000
189.65000,57.00000,71.00000,80.00000,101.00000,80.00000,80.00000
189.66000,64.00000,91.00000,85.00000,84.00000,85.00000,85.00000
189.67000,61.00000,98.00000,83.00000,129.00000,83.00000,83.00000
189.68000,57.00000,65.00000,90.00000,102.00000,90.00000,90.00000
189.69000,52.00000,83.00000,85.00000,122.00000,85.00000,85.00000
189.70000,62.00000,84.00000,87.00000,116.00000,87.00000,87.00000
189.71000,57.00000,80.00000,91.00000,132.00000,91.00000,91.00000
189.72000,71.00000,101.00000,86.00000,128.00000,86.00000,86.00000
189.73000,67.00000,89.00000,99.00000,132.00000,99.00000,99.00000
189.74000,71.00000,107.00000,71.00000,128.00000,71.00000,71.00000
189.75000,49.00000,94.00000,95.00000,108.00000,95.00000,95.00000
189.76000,54.00000,101.00000,106.00000,104.00000,106.00000,106.00000
189.77000,70.00000,89.00000,106.00000,107.00000,106.00000,106.00000
189.78000,67.00000,88.00000,99.00000,126.00000,99.00000,99.00000
189.79000,59.00000,72.00000,78.00000,116.00000,78.00000,78.00000
189.80000,56.00000,94.00000,109.00000,142.00000,109.00000,109.00000
189.81000,73.00000,87.00000,83.00000,142.00000,83.00000,83.00000
189.82000,64.00000,89.00000,89.00000,107.00000,89.00000,89.00000
189.83000,62.00000,89.00000,113.00000,108.00000,113.00000,113.00000
189.84000,67.00000,82.00000,111.00000,143.00000,111.00000,111.00000
189.85000,71.00000,86.00000,97.00000,120.00000,97.00000,97.00000
189.86000,68.00000,85.00000,102.00000,126.00000,102.00000,102.00000
189.87000,69.00000,79.00000,118.00000,138.00000,118.00000,118.00000
189.88000,59.00000,82.00000,98.00000,127.00000,98.00000,98.00000
189.89000,70.00000,86.00000,107.00000,133.00000,107.00000,107.00000
189.90000,72.00000,75.00000,99.00000,137.00000,99.00000,99.00000
189.91000,62.00000,79.00000,112.00000,134.00000,112.00000,112.00000
189.92000,73.00000,90.00000,117.00000,127.00000,117.00000,117.00000
189.93000,63.00000,77.00000,105.00000,120.00000,105.00000,105.00000
189.94000,79.00000,85.00000,100.00000,146.00000,100.00000,100.00000
189.95000,79.00000,104.00000,111.00000,112.00000,111.00000,111.00000
189.96000,82.00000,92.00000,90.00000,125.00000,90.00000,90.00000
189.97000,54.00000,94.00000,138.00000,144.00000,138.00000,138.00000
189.98000,74.00000,104.00000,113.00000,143.00000,113.00000,113.00000
189.99000,62.00000,90.00000,126.00000,141.00000,126.00000,126.00000
190.00000,54.00000,96.00000,94.00000,148.00000,94.00000,94.00000
190.01000,64.00000,97.00000,104.00000,139.00000,104.00000,104.00000
190.02000,63.00000,95.00000,104.00000,139.00000,104.00000,104.00000
190.03000,72.00000,118.00000,122.00000,155.00000,122.00000,122.00000
190.04000,58.00000,97.00000,103.00000,150.00000,103.00000,103.00000
190.05000,88.00000,116.00000,111.00000,136.00000,111.00000,111.00000
190.06000,84.00000,88.00000,121.00000,141.00000,121.00000,121.00000
190.07000,82.00000,118.00000,120.00000,159.00000,120.00000,120.00000
190.08000,86.00000,125.00000,122.00000,158.00000,122.00000,122.00000
190.09000,81.00000,113.00000,113.00000,136.00000,113.00000,113.00000
190.10000,84.00000,107.00000,135.00000,152.00000,135.00000,135.00000
190.11000,87.00000,116.00000,101.00000,141.00000,101.00000,101.00000
190.12000,75.00000,109.00000,95.00000,139.00000,95.00000,95.00000
190.13000,94.00000,120.00000,120.00000,178.00000,120.00000,120.00000
190.14000,87.00000,112.00000,138.00000,166.00000,138.00000,138.00000
190.15000,85.00000,109.00000,127.00000,140.00000,127.00000,127.00000
190.16000,67.00000,110.00000,128.00000,158.00000,128.00000,128.00000
190.17000,89.00000,134.00000,118.00000,165.00000,118.00000,118.00000
190.18000,77.00000,98.00000,98.00000,153.00000,98.00000,98.00000
190.19000,77.00000,124.00000,139.00000,156.00000,139.00000,139.00000
190.20000,65.00000,132.00000,128.00000,157.00000,128.00000,128.00000
190.21000,95.00000,117.00000,118.00000,141.00000,118.00000,118.00000
190.22000,92.00000,117.00000,109.00000,166.00000,109.00000,109.00000
190.23000,99.00000,115.00000,128.00000,171.00000,128.00000,128.00000
190.24000,87.00000,94.00000,126.00000,138.00000,126.00000,126.00000
190.25000,78.00000,107.00000,135.00000,165.00000,135.00000,135.00000
190.26000,81.00000,101.00000,113.00000,168.00000,113.00000,113.00000
190.27000,88.00000,93.00000,126.00000,166.00000,126.00000,126.00000
190.28000,80.00000,103.00000,120.00000,181.00000,120.00000,120.00000
190.29000,79.00000,113.00000,134.00000,177.00000,134.00000,134.00000
190.30000,84.00000,120.00000,154.00000,175.00000,154.00000,154.00000
190.31000,79.00000,122.00000,118.00000,178.00000,118.00000,118.00000
190.32000,97.00000,98.00000,140.00000,181.00000,140.00000,140.00000
190.33000,97.00000,108.00000,131.00000,212.00000,131.00000,131.00000
190.34000,87.00000,123.00000,141.00000,207.00000,141.00000,141.00000
190.35000,83.00000,107.00000,148.00000,185.00000,148.00000,148.00000
190.36000,99.00000,119.00000,127.00000,204.00000,127.00000,127.00000
190.37000,93.00000,113.00000,161.00000,170.00000,161.00000,161.00000
190.38000,71.00000,92.00000,135.00000,176.00000,135.00000,135.00000
190.39000,77.00000,125.00000,142.00000,215.00000,142.00000,142.00000
190.40000,94.00000,124.00000,138.00000,196.00000,138.00000,138.00000
190.41000,94.00000,95.00000,152.00000,211.00000,152.00000,152.00000
190.42000,94.00000,109.00000,150.00000,201.00000,150.00000,150.00000
190.43000,81.00000,127.00000,149.00000,199.00000,149.00000,149.00000
190.44000,98.00000,109.00000,137.00000,209.00000,137.00000,137.00000
190.45000,84.00000,114.00000,146.00000,218.00000,146.00000,146.00000
190.46000,97.00000,106.00000,144.00000,232.00000,144.00000,144.00000
190.47000,101.00000,129.00000,152.00000,228.00000,152.00000,152.00000
190.48000,102.00000,117.00000,153.00000,224.00000,153.00000,153.00000
190.49000,97.00000,138.00000,167.00000,256.00000,167.00000,167.00000
190.50000,86.00000,110.00000,185.00000,216.00000,185.00000,185.00000
190.51000,95.00000,142.00000,176.00000,238.00000,176.00000,176.00000
190.52000,108.00000,116.00000,183.00000,240.00000,183.00000,183.00000
190.53000,90.00000,129.00000,174.00000,217.00000,174.00000,174.00000
190.54000,92.00000,115.00000,195.00000,238.00000,195.00000,195.00000
190.55000,120.00000,113.00000,183.00000,259.00000,183.00000,183.00000
190.56000,98.00000,133.00000,194.00000,273.00000,194.00000,194.00000
190.57000,98.00000,139.00000,190.00000,236.00000,190.00000,190.00000
190.58000,103.00000,142.00000,180.00000,277.00000,180.00000,180.00000
190.59000,103.00000,116.00000,197.00000,282.00000,197.00000,197.00000
190.60000,104.00000,134.00000,207.00000,277.00000,207.00000,207.00000
190.61000,108.00000,142.00000,171.00000,281.00000,171.00000,171.00000
190.62000,108.00000,161.00000,211.00000,267.00000,211.00000,211.00000
190.63000,113.00000,135.00000,211.00000,281.00000,211.00000,211.00000
190.64000,111.00000,148.00000,231.00000,280.00000,231.00000,231.00000
190.65000,112.00000,154.00000,205.00000,308.00000,205.00000,205.00000
190.66000,130.00000,156.00000,218.00000,283.00000,218.00000,218.00000
190.67000,109.00000,158.00000,200.00000,313.00000,200.00000,200.00000
190.68000,107.00000,172.00000,190.00000,293.00000,190.00000,190.00000
190.69000,122.00000,151.00000,220.00000,354.00000,220.00000,220.00000
190.70000,118.00000,172.00000,225.00000,299.00000,225.00000,225.00000
190.71000,109.00000,168.00000,227.00000,331.00000,227.00000,227.00000
190.72000,114.00000,176.00000,255.00000,354.00000,255.00000,255.00000
190.73000,133.00000,180.00000,241.00000,320.00000,241.00000,241.00000
190.74000,143.00000,180.00000,229.00000,349.00000,229.00000,229.00000
190.75000,141.00000,152.00000,232.00000,351.00000,232.00000,232.00000
190.76000,136.00000,149.00000,233.00000,348.00000,233.00000,233.00000
190.77000,147.00000,199.00000,253.00000,356.00000,253.00000,253.00000
190.78000,145.00000,164.00000,221.00000,353.00000,221.00000,221.00000
190.79000,124.00000,191.00000,243.00000,353.00000,243.00000,243.00000
190.80000,142.00000,191.00000,222.00000,361.00000,222.00000,222.00000
190.81000,164.00000,226.00000,221.00000,370.00000,221.00000,221.00000
190.82000,147.00000,211.00000,251.00000,329.00000,251.00000,251.00000
190.83000,122.00000,232.00000,251.00000,376.00000,251.00000,251.00000
190.84000,156.00000,192.00000,247.00000,373.00000,247.00000,247.00000
190.85000,149.00000,229.00000,256.00000,370.00000,256.00000,256.00000
190.86000,169.00000,223.00000,232.00000,363.00000,232.00000,232.00000
190.87000,166.00000,224.00000,230.00000,394.00000,230.00000,230.00000
190.88000,149.00000,247.00000,253.00000,366.00000,253.00000,253.00000
190.89000,154.00000,267.00000,254.00000,407.00000,254.00000,254.00000
190.90000,184.00000,244.00000,248.00000,374.00000,248.00000,248.00000
190.91000,175.00000,254.00000,234.00000,436.00000,234.00000,234.00000
190.92000,163.00000,294.00000,236.00000,346.00000,236.00000,236.00000
190.93000,164.00000,246.00000,267.00000,408.00000,267.00000,267.00000
190.94000,187.00000,241.00000,257.00000,359.00000,257.00000,257.00000
190.95000,189.00000,250.00000,251.00000,399.00000,251.00000,251.00000
190.96000,168.00000,270.00000,258.00000,399.00000,258.00000,258.00000
190.97000,149.00000,275.00000,228.00000,398.00000,228.00000,228.00000
190.98000,177.00000,253.00000,279.00000,388.00000,279.00000,279.00000
190.99000,199.00000,274.00000,233.00000,444.00000,233.00000,233.00000
191.00000,182.00000,266.00000,236.00000,423.00000,236.00000,236.00000
191.01000,185.00000,279.00000,253.00000,392.00000,253.00000,253.00000
191.02000,196.00000,293.00000,229.00000,401.00000,229.00000,229.00000
191.03000,190.00000,293.00000,236.00000,382.00000,236.00000,236.00000
191.04000,194.00000,285.00000,249.00000,389.00000,249.00000,249.00000
191.05000,189.00000,282.00000,246.00000,385.00000,246.00000,246.00000
191.06000,197.00000,264.00000,231.00000,408.00000,231.00000,231.00000
191.07000,186.00000,339.00000,241.00000,401.00000,241.00000,241.00000
191.08000,197.00000,324.00000,261.00000,393.00000,261.00000,261.00000
191.09000,176.00000,309.00000,234.00000,385.00000,234.00000,234.00000
191.10000,221.00000,301.00000,216.00000,379.00000,216.00000,216.00000
191.11000,242.00000,349.00000,238.00000,385.00000,238.00000,238.00000
191.12000,193.00000,333.00000,232.00000,317.00000,232.00000,232.00000
191.13000,210.00000,311.00000,243.00000,393.00000,243.00000,243.00000
191.14000,212.00000,351.00000,232.00000,383.00000,232.00000,232.00000
191.15000,203.00000,327.00000,242.00000,357.00000,242.00000,242.00000
191.16000,211.00000,313.00000,205.00000,344.00000,205.00000,205.00000
191.17000,203.00000,316.00000,202.00000,345.00000,202.00000,202.00000
191.18000,203.00000,295.00000,226.00000,353.00000,226.00000,226.00000
191.19000,226.00000,363.00000,203.00000,354.00000,203.00000,203.00000
191.20000,204.00000,318.00000,240.00000,349.00000,240.00000,240.00000
191.21000,206.00000,332.00000,201.00000,378.00000,201.00000,201.00000
191.22000,227.00000,366.00000,176.00000,336.00000,176.00000,176.00000
191.23000,226.00000,323.00000,216.00000,338.00000,216.00000,216.00000
191.24000,194.00000,329.00000,195.00000,356.00000,195.00000,195.00000
191.25000,219.00000,347.00000,210.00000,326.00000,210.00000,210.00000
191.26000,202.00000,370.00000,177.00000,339.00000,177.00000,177.00000
191.27000,194.00000,358.00000,198.00000,324.00000,198.00000,198.00000
191.28000,198.00000,339.00000,175.00000,307.00000,175.00000,175.00000
191.29000,191.00000,328.00000,184.00000,305.00000,184.00000,184.00000
191.30000,205.00000,334.00000,195.00000,279.00000,195.00000,195.00000
191.31000,194.00000,346.00000,178.00000,256.00000,178.00000,178.00000
191.32000,221.00000,372.00000,160.00000,304.00000,160.00000,160.00000
191.33000,211.00000,342.00000,158.00000,264.00000,158.00000,158.00000
191.34000,224.00000,334.00000,164.00000,268.00000,164.00000,164.00000
191.35000,195.00000,348.00000,142.00000,259.00000,142.00000,142.00000
191.36000,191.00000,334.00000,157.00000,265.00000,157.00000,157.00000
191.37000,208.00000,303.00000,151.00000,296.00000,151.00000,151.00000
191.38000,207.00000,300.00000,138.00000,277.00000,138.00000,138.00000
191.39000,167.00000,337.00000,141.00000,252.00000,141.00000,141.00000
191.40000,180.00000,326.00000,137.00000,265.00000,137.00000,137.00000
191.41000,197.00000,338.00000,120.00000,240.00000,120.00000,120.00000
191.42000,192.00000,303.00000,155.00000,227.00000,155.00000,155.00000
191.43000,189.00000,330.00000,129.00000,237.00000,129.00000,129.00000
191.44000,186.00000,321.00000,137.00000,231.00000,137.00000,137.00000
191.45000,197.00000,293.00000,117.00000,247.00000,117.00000,117.00000
191.46000,168.00000,300.00000,130.00000,208.00000,130.00000,130.00000
191.47000,184.00000,271.00000,122.00000,226.00000,122.00000,122.00000
191.48000,185.00000,322.00000,125.00000,195.00000,125.00000,125.00000
191.49000,165.00000,278.00000,133.00000,233.00000,133.00000,133.00000
191.50000,180.00000,308.00000,126.00000,180.00000,126.00000,126.00000
191.51000,160.00000,294.00000,101.00000,214.00000,101.00000,101.00000
191.52000,167.00000,303.00000,121.00000,179.00000,121.00000,121.00000
191.53000,177.00000,281.00000,117.00000,194.00000,117.00000,117.00000
191.54000,156.00000,262.00000,111.00000,188.00000,111.00000,111.00000
191.55000,160.00000,271.00000,124.00000,172.00000,124.00000,124.00000
191.56000,177.00000,235.00000,120.00000,191.00000,120.00000,120.00000
191.57000,169.00000,251.00000,107.00000,169.00000,107.00000,107.00000
191.58000,146.00000,269.00000,121.00000,176.00000,121.00000,121.00000
191.59000,137.00000,249.00000,87.00000,188.00000,87.00000,87.00000
191.60000,140.00000,251.00000,115.00000,171.00000,115.00000,115.00000
191.61000,150.00000,232.00000,80.00000,187.00000,80.00000,80.00000
191.62000,134.00000,240.00000,96.00000,160.00000,96.00000,96.00000
191.63000,133.00000,226.00000,100.00000,168.00000,100.00000,100.00000
191.64000,133.00000,230.00000,94.00000,156.00000,94.00000,94.00000
191.65000,152.00000,239.00000,89.00000,141.00000,89.00000,89.00000
191.66000,123.00000,233.00000,87.00000,159.00000,87.00000,87.00000
191.67000,132.00000,191.00000,75.00000,143.00000,75.00000,75.00000
191.68000,128.00000,216.00000,81.00000,149.00000,81.00000,81.00000
191.69000,117.00000,208.00000,77.00000,120.00000,77.00000,77.00000
191.70000,133.00000,202.00000,69.00000,157.00000,69.00000,69.00000
191.71000,108.00000,185.00000,87.00000,146.00000,87.00000,87.00000
191.72000,114.00000,197.00000,86.00000,142.00000,86.00000,86.00000
191.73000,137.00000,190.00000,84.00000,139.00000,84.00000,84.00000
191.74000,124.00000,184.00000,72.00000,137.00000,72.00000,72.00000
191.75000,97.00000,201.00000,76.00000,130.00000,76.00000,76.00000
191.76000,110.00000,184.00000,76.00000,121.00000,76.00000,76.00000
191.77000,88.00000,172.00000,76.00000,111.00000,76.00000,76.00000
191.78000,98.00000,179.00000,76.00000,98.00000,76.00000,76.00000
191.79000,107.00000,157.00000,62.00000,113.00000,62.00000,62.00000
191.80000,107.00000,164.00000,62.00000,106.00000,62.00000,62.00000
191.81000,97.00000,140.00000,71.00000,106.00000,71.00000,71.00000
191.82000,83.00000,191.00000,63.00000,125.00000,63.00000,63.00000
191.83000,98.00000,157.00000,74.00000,106.00000,74.00000,74.00000
191.84000,92.00000,132.00000,59.00000,121.00000,59.00000,59.00000
191.85000,92.00000,157.00000,71.00000,109.00000,71.00000,71.00000
191.86000,92.00000,151.00000,57.00000,117.00000,57.00000,57.00000
191.87000,90.00000,148.00000,64.00000,109.00000,64.00000,64.00000
191.88000,98.00000,136.00000,62.00000,103.00000,62.00000,62.00000
191.89000,72.00000,144.00000,67.00000,108.00000,67.00000,67.00000
191.90000,71.00000,149.00000,75.00000,123.00000,75.00000,75.00000
191.91000,70.00000,136.00000,58.00000,103.00000,58.00000,58.00000
191.92000,86.00000,147.00000,66.00000,95.00000,66.00000,66.00000
191.93000,71.00000,127.00000,45.00000,97.00000,45.00000,45.00000
191.94000,65.00000,129.00000,52.00000,90.00000,52.00000,52.00000
191.95000,76.00000,120.00000,58.00000,98.00000,58.00000,58.00000
191.96000,64.00000,117.00000,33.00000,79.00000,33.00000,33.00000
191.97000,76.00000,109.00000,58.00000,87.00000,58.00000,58.00000
191.98000,67.00000,115.00000,59.00000,87.00000,59.00000,59.00000
191.99000,67.00000,110.00000,47.00000,86.00000,47.00000,47.00000
192.00000,74.00000,121.00000,50.00000,83.00000,50.00000,50.00000
192.01000,56.00000,114.00000,48.00000,76.00000,48.00000,48.00000
192.02000,58.00000,111.00000,51.00000,73.00000,51.00000,51.00000
192.03000,72.00000,90.00000,48.00000,90.00000,48.00000,48.00000
192.04000,65.00000,115.00000,48.00000,93.00000,48.00000,48.00000
192.05000,54.00000,125.00000,62.00000,86.00000,62.00000,62.00000
192.06000,58.00000,88.00000,59.00000,89.00000,59.00000,59.00000
192.07000,60.00000,105.00000,38.00000,73.00000,38.00000,38.00000
192.08000,47.00000,94.00000,47.00000,77.00000,47.00000,47.00000
192.09000,46.00000,84.00000,51.00000,100.00000,51.00000,51.00000
192.10000,54.00000,99.00000,57.00000,74.00000,57.00000,57.00000
192.11000,57.00000,81.00000,44.00000,89.00000,44.00000,44.00000
192.12000,56.00000,92.00000,46.00000,62.00000,46.00000,46.00000
192.13000,41.00000,76.00000,42.00000,77.00000,42.00000,42.00000
192.14000,56.00000,85.00000,25.00000,75.00000,25.00000,25.00000
192.15000,50.00000,89.00000,30.00000,72.00000,30.00000,30.00000
192.16000,53.00000,79.00000,38.00000,61.00000,38.00000,38.00000
192.17000,32.00000,79.00000,45.00000,79.00000,45.00000,45.00000
192.18000,45.00000,88.00000,40.00000,76.00000,40.00000,40.00000
192.19000,50.00000,79.00000,48.00000,73.00000,48.00000,48.00000
192.20000,46.00000,91.00000,44.00000,87.00000,44.00000,44.00000
192.21000,53.00000,83.00000,45.00000,78.00000,45.00000,45.00000
192.22000,49.00000,92.00000,39.00000,74.00000,39.00000,39.00000
192.23000,48.00000,86.00000,44.00000,68.00000,44.00000,44.00000
192.24000,34.00000,88.00000,46.00000,74.00000,46.00000,46.00000
192.25000,47.00000,81.00000,44.00000,77.00000,44.00000,44.00000
192.26000,52.00000,75.00000,35.00000,76.00000,35.00000,35.00000
192.27000,33.00000,92.00000,37.00000,70.00000,37.00000,37.00000
192.28000,39.00000,68.00000,43.00000,80.00000,43.00000,43.00000
192.29000,42.00000,80.00000,53.00000,72.00000,53.00000,53.00000
192.30000,36.00000,80.00000,31.00000,78.00000,31.00000,31.00000
192.31000,45.00000,76.00000,40.00000,70.00000,40.00000,40.00000
192.32000,37.00000,71.00000,39.00000,71.00000,39.00000,39.00000
192.33000,37.00000,68.00000,45.00000,78.00000,45.00000,45.00000
192.34000,43.00000,67.00000,49.00000,60.00000,49.00000,49.00000
192.35000,45.00000,85.00000,41.00000,71.00000,41.00000,41.00000
192.36000,51.00000,90.00000,41.00000,61.00000,41.00000,41.00000
192.37000,43.00000,66.00000,34.00000,70.00000,34.00000,34.00000
192.38000,50.00000,67.00000,26.00000,78.00000,26.00000,26.00000
192.39000,51.00000,74.00000,44.00000,49.00000,44.00000,44.00000
192.40000,41.00000,73.00000,40.00000,51.00000,40.00000,40.00000
192.41000,49.00000,70.00000,42.00000,67.00000,42.00000,42.00000
192.42000,38.00000,52.00000,42.00000,56.00000,42.00000,42.00000
192.43000,46.00000,63.00000,26.00000,54.00000,26.00000,26.00000
192.44000,45.00000,67.00000,52.00000,87.00000,52.00000,52.00000
192.45000,29.00000,70.00000,47.00000,54.00000,47.00000,47.00000
192.46000,20.00000,81.00000,37.00000,67.00000,37.00000,37.00000
192.47000,50.00000,55.00000,39.00000,57.00000,39.00000,39.00000
192.48000,32.00000,75.00000,33.00000,56.00000,33.00000,33.00000
192.49000,34.00000,54.00000,42.00000,52.00000,42.00000,42.00000
192.50000,32.00000,62.00000,40.00000,63.00000,40.00000,40.00000
192.51000,46.00000,62.00000,35.00000,66.00000,35.00000,35.00000
192.52000,30.00000,65.00000,47.00000,67.00000,47.00000,47.00000
192.53000,41.00000,64.00000,23.00000,61.00000,23.00000,23.00000
192.54000,42.00000,51.00000,30.00000,42.00000,30.00000,30.00000
192.55000,35.00000,55.00000,27.00000,61.00000,27.00000,27.00000
192.56000,35.00000,53.00000,27.00000,54.00000,27.00000,27.00000
192.57000,37.00000,52.00000,48.00000,63.00000,48.00000,48.00000
192.58000,34.00000,50.00000,34.00000,63.00000,34.00000,34.00000
192.59000,29.00000,66.00000,35.00000,65.00000,35.00000,35.00000
192.60000,46.00000,60.00000,39.00000,57.00000,39.00000,39.00000
192.61000,36.00000,50.00000,45.00000,68.00000,45.00000,45.00000
192.62000,34.00000,61.00000,38.00000,53.00000,38.00000,38.00000
192.63000,44.00000,54.00000,31.00000,65.00000,31.00000,31.00000
192.64000,34.00000,53.00000,31.00000,68.00000,31.00000,31.00000
192.65000,29.00000,70.00000,39.00000,53.00000,39.00000,39.00000
192.66000,38.00000,48.00000,32.00000,50.00000,32.00000,32.00000
192.67000,29.00000,48.00000,33.00000,60.00000,33.00000,33.00000
192.68000,35.00000,54.00000,39.00000,58.00000,39.00000,39.00000
192.69000,41.00000,45.00000,32.00000,57.00000,32.00000,32.00000
192.70000,32.00000,47.00000,35.00000,50.00000,35.00000,35.00000
192.71000,36.00000,50.00000,39.00000,58.00000,39.00000,39.00000
192.72000,42.00000,62.00000,42.00000,55.00000,42.00000,42.00000
192.73000,29.00000,53.00000,43.00000,45.00000,43.00000,43.00000
192.74000,28.00000,48.00000,23.00000,61.00000,23.00000,23.00000
192.75000,33.00000,54.00000,33.00000,54.00000,33.00000,33.00000
192.76000,28.00000,60.00000,33.00000,50.00000,33.00000,33.00000
192.77000,29.00000,46.00000,40.00000,56.00000,40.00000,40.00000
192.78000,40.00000,58.00000,42.00000,49.00000,42.00000,42.00000
192.79000,32.00000,58.00000,25.00000,55.00000,25.00000,25.00000
192.80000,34.00000,42.00000,34.00000,43.00000,34.00000,34.00000
192.81000,30.00000,64.00000,39.00000,47.00000,39.00000,39.00000
192.82000,41.00000,58.00000,40.00000,52.00000,40.00000,40.00000
192.83000,21.00000,63.00000,46.00000,71.00000,46.00000,46.00000
192.84000,30.00000,43.00000,34.00000,63.00000,34.00000,34.00000
192.85000,29.00000,54.00000,26.00000,56.00000,26.00000,26.00000
192.86000,32.00000,51.00000,33.00000,42.00000,33.00000,33.00000
192.87000,32.00000,60.00000,26.00000,46.00000,26.00000,26.00000
192.88000,29.00000,59.00000,25.00000,53.00000,25.00000,25.00000
192.89000,35.00000,52.00000,41.00000,49.00000,41.00000,41.00000
192.90000,20.00000,58.00000,23.00000,51.00000,23.00000,23.00000
192.91000,20.00000,48.00000,36.00000,57.00000,36.00000,36.00000
192.92000,29.00000,56.00000,30.00000,68.00000,30.00000,30.00000
192.93000,38.00000,49.00000,26.00000,49.00000,26.00000,26.00000
192.94000,25.00000,45.00000,29.00000,48.00000,29.00000,29.00000
192.95000,25.00000,47.00000,30.00000,44.00000,30.00000,30.00000
192.96000,37.00000,44.00000,37.00000,49.00000,37.00000,37.00000
192.97000,24.00000,42.00000,29.00000,37.00000,29.00000,29.00000
192.98000,25.00000,49.00000,33.00000,46.00000,33.00000,33.00000
192.99000,21.00000,62.00000,29.00000,48.00000,29.00000,29.00000
193.00000,21.00000,53.00000,30.00000,41.00000,30.00000,30.00000
193.01000,31.00000,56.00000,26.00000,49.00000,26.00000,26.00000
193.02000,32.00000,51.00000,30.00000,33.00000,30.00000,30.00000
193.03000,23.00000,50.00000,38.00000,39.00000,38.00000,38.00000
193.04000,24.00000,48.00000,27.00000,43.00000,27.00000,27.00000
193.05000,29.00000,53.00000,26.00000,43.00000,26.00000,26.00000
193.06000,36.00000,43.00000,18.00000,46.00000,18.00000,18.00000
193.07000,26.00000,47.00000,29.00000,36.00000,29.00000,29.00000
193.08000,38.00000,46.00000,25.00000,38.00000,25.00000,25.00000
193.09000,34.00000,53.00000,16.00000,50.00000,16.00000,16.00000
193.10000,28.00000,40.00000,20.00000,38.00000,20.00000,20.00000
193.11000,24.00000,57.00000,29.00000,37.00000,29.00000,29.00000
193.12000,30.00000,41.00000,26.00000,38.00000,26.00000,26.00000
193.13000,24.00000,53.00000,32.00000,55.00000,32.00000,32.00000
193.14000,31.00000,37.00000,24.00000,50.00000,24.00000,24.00000
193.15000,31.00000,37.00000,30.00000,35.00000,30.00000,30.00000
193.16000,21.00000,48.00000,25.00000,43.00000,25.00000,25.00000
193.17000,32.00000,37.00000,24.00000,53.00000,24.00000,24.00000
193.18000,26.00000,44.00000,24.00000,48.00000,24.00000,24.00000
193.19000,29.00000,42.00000,22.00000,47.00000,22.00000,22.00000
193.20000,32.00000,35.00000,20.00000,41.00000,20.00000,20.00000
193.21000,30.00000,43.00000,23.00000,35.00000,23.00000,23.00000
193.22000,26.00000,39.00000,25.00000,40.00000,25.00000,25.00000
193.23000,26.00000,44.00000,19.00000,39.00000,19.00000,19.00000
193.24000,25.00000,40.00000,28.00000,44.00000,28.00000,28.00000
193.25000,26.00000,38.00000,15.00000,31.00000,15.00000,15.00000
193.26000,23.00000,39.00000,16.00000,32.00000,16.00000,16.00000
193.27000,23.00000,56.00000,21.00000,49.00000,21.00000,21.00000
193.28000,27.00000,53.00000,17.00000,43.00000,17.00000,17.00000
193.29000,19.00000,40.00000,30.00000,56.00000,30.00000,30.00000
193.30000,21.00000,34.00000,19.00000,44.00000,19.00000,19.00000
193.31000,35.00000,40.00000,24.00000,34.00000,24.00000,24.00000
193.32000,15.00000,40.00000,29.00000,44.00000,29.00000,29.00000
193.33000,24.00000,45.00000,24.00000,38.00000,24.00000,24.00000
193.34000,24.00000,36.00000,19.00000,32.00000,19.00000,19.00000
193.35000,26.00000,31.00000,26.00000,42.00000,26.00000,26.00000
193.36000,19.00000,36.00000,15.00000,33.00000,15.00000,15.00000
193.37000,26.00000,40.00000,26.00000,37.00000,26.00000,26.00000
193.38000,19.00000,43.00000,32.00000,51.00000,32.00000,32.00000
193.39000,20.00000,34.00000,30.00000,37.00000,30.00000,30.00000
193.40000,30.00000,35.00000,19.00000,37.00000,19.00000,19.00000
193.41000,24.00000,40.00000,23.00000,26.00000,23.00000,23.00000
193.42000,23.00000,27.00000,11.00000,37.00000,11.00000,11.00000
193.43000,22.00000,39.00000,16.00000,32.00000,16.00000,16.00000
193.44000,25.00000,24.00000,27.00000,38.00000,27.00000,27.00000
193.45000,28.00000,35.00000,23.00000,26.00000,23.00000,23.00000
193.46000,31.00000,39.00000,19.00000,31.00000,19.00000,19.00000
193.47000,24.00000,30.00000,10.00000,29.00000,10.00000,10.00000
193.48000,17.00000,28.00000,24.00000,29.00000,24.00000,24.00000
193.49000,24.00000,35.00000,20.00000,31.00000,20.00000,20.00000
193.50000,13.00000,38.00000,20.00000,39.00000,20.00000,20.00000
193.51000,14.00000,40.00000,20.00000,33.00000,20.00000,20.00000
193.52000,26.00000,36.00000,22.00000,44.00000,22.00000,22.00000
193.53000,22.00000,29.00000,19.00000,34.00000,19.00000,19.00000
193.54000,19.00000,35.00000,11.00000,30.00000,11.00000,11.00000
193.55000,17.00000,33.00000,25.00000,33.00000,25.00000,25.00000
193.56000,19.00000,28.00000,14.00000,23.00000,14.00000,14.00000
193.57000,14.00000,22.00000,18.00000,30.00000,18.00000,18.00000
193.58000,17.00000,43.00000,14.00000,40.00000,14.00000,14.00000
193.59000,21.00000,27.00000,18.00000,33.00000,18.00000,18.00000
193.60000,16.00000,32.00000,16.00000,29.00000,16.00000,16.00000
193.61000,18.00000,31.00000,19.00000,29.00000,19.00000,19.00000
193.62000,22.00000,38.00000,18.00000,33.00000,18.00000,18.00000
193.63000,28.00000,39.00000,27.00000,23.00000,27.00000,27.00000
193.64000,17.00000,34.00000,17.00000,25.00000,17.00000,17.00000
193.65000,26.00000,28.00000,17.00000,32.00000,17.00000,17.00000
193.66000,12.00000,21.00000,18.00000,26.00000,18.00000,18.00000
193.67000,13.00000,35.00000,16.00000,28.00000,16.00000,16.00000
193.68000,14.00000,28.00000,11.00000,25.00000,11.00000,11.00000
193.69000,17.00000,29.00000,18.00000,25.00000,18.00000,18.00000
193.70000,19.00000,24.00000,18.00000,26.00000,18.00000,18.00000
193.71000,13.00000,21.00000,24.00000,21.00000,24.00000,24.00000
193.72000,16.00000,27.00000,13.00000,25.00000,13.00000,13.00000
193.73000,16.00000,29.00000,16.00000,22.00000,16.00000,16.00000
193.74000,17.00000,24.00000,18.00000,20.00000,18.00000,18.00000
193.75000,24.00000,32.00000,25.00000,24.00000,25.00000,25.00000
193.76000,11.00000,22.00000,19.00000,19.00000,19.00000,19.00000
193.77000,16.00000,22.00000,8.00000,20.00000,8.00000,8.00000
193.78000,17.00000,33.00000,15.00000,32.00000,15.00000,15.00000
193.79000,12.00000,28.00000,16.00000,25.00000,16.00000,16.00000
193.80000,12.00000,34.00000,14.00000,27.00000,14.00000,14.00000
193.81000,20.00000,24.00000,15.00000,24.00000,15.00000,15.00000
193.82000,16.00000,22.00000,9.00000,22.00000,9.00000,9.00000
193.83000,13.00000,31.00000,17.00000,35.00000,17.00000,17.00000
193.84000,15.00000,36.00000,18.00000,22.00000,18.00000,18.00000
193.85000,24.00000,21.00000,18.00000,30.00000,18.00000,18.00000
193.86000,20.00000,20.00000,13.00000,28.00000,13.00000,13.00000
193.87000,15.00000,27.00000,20.00000,24.00000,20.00000,20.00000
193.88000,20.00000,27.00000,18.00000,21.00000,18.00000,18.00000
193.89000,21.00000,27.00000,15.00000,23.00000,15.00000,15.00000
193.90000,14.00000,30.00000,19.00000,23.00000,19.00000,19.00000
193.91000,13.00000,23.00000,20.00000,27.00000,20.00000,20.00000
193.92000,14.00000,22.00000,13.00000,25.00000,13.00000,13.00000
193.93000,13.00000,27.00000,13.00000,25.00000,13.00000,13.00000
193.94000,12.00000,17.00000,9.00000,31.00000,9.00000,9.00000
193.95000,14.00000,28.00000,15.00000,24.00000,15.00000,15.00000
193.96000,8.00000,21.00000,16.00000,26.00000,16.00000,16.00000
193.97000,18.00000,26.00000,16.00000,23.00000,16.00000,16.00000
193.98000,20.00000,32.00000,15.00000,18.00000,15.00000,15.00000
193.99000,8.00000,18.00000,18.00000,19.00000,18.00000,18.00000
194.00000,22.00000,22.00000,20.00000,24.00000,20.00000,20.00000
194.01000,14.00000,27.00000,12.00000,29.00000,12.00000,12.00000
194.02000,10.00000,26.00000,16.00000,22.00000,16.00000,16.00000
194.03000,13.00000,19.00000,15.00000,22.00000,15.00000,15.00000
194.04000,19.00000,27.00000,8.00000,15.00000,8.00000,8.00000
194.05000,12.00000,22.00000,9.00000,27.00000,9.00000,9.00000
194.06000,11.00000,24.00000,13.00000,16.00000,13.00000,13.00000
194.07000,15.00000,21.00000,19.00000,20.00000,19.00000,19.00000
194.08000,21.00000,25.00000,13.00000,29.00000,13.00000,13.00000
194.09000,10.00000,28.00000,16.00000,16.00000,16.00000,16.00000
194.10000,11.00000,36.00000,16.00000,16.00000,16.00000,16.00000
194.11000,17.00000,21.00000,14.00000,28.00000,14.00000,14.00000
194.12000,15.00000,26.00000,13.00000,26.00000,13.00000,13.00000
194.13000,15.00000,20.00000,10.00000,16.00000,10.00000,10.00000
194.14000,16.00000,23.00000,9.00000,20.00000,9.00000,9.00000
194.15000,10.00000,26.00000,12.00000,27.00000,12.00000,12.00000
194.16000,18.00000,19.00000,17.00000,25.00000,17.00000,17.00000
194.17000,14.00000,16.00000,27.00000,12.00000,27.00000,27.00000
194.18000,18.00000,16.00000,15.00000,27.00000,15.00000,15.00000
194.19000,10.00000,17.00000,14.00000,25.00000,14.00000,14.00000
194.20000,14.00000,21.00000,6.00000,18.00000,6.00000,6.00000
194.21000,12.00000,19.00000,11.00000,17.00000,11.00000,11.00000
194.22000,14.00000,16.00000,22.00000,18.00000,22.00000,22.00000
194.23000,13.00000,12.00000,19.00000,12.00000,19.00000,19.00000
194.24000,9.00000,30.00000,18.00000,24.00000,18.00000,18.00000
194.25000,10.00000,22.00000,12.00000,13.00000,12.00000,12.00000
194.26000,17.00000,26.00000,15.00000,20.00000,15.00000,15.00000
194.27000,12.00000,16.00000,14.00000,17.00000,14.00000,14.00000
194.28000,9.00000,21.00000,15.00000,15.00000,15.00000,15.00000
194.29000,12.00000,17.00000,10.00000,16.00000,10.00000,10.00000
194.30000,15.00000,17.00000,19.00000,21.00000,19.00000,19.00000
194.31000,8.00000,17.00000,13.00000,18.00000,13.00000,13.00000
194.32000,12.00000,19.00000,6.00000,24.00000,6.00000,6.00000
194.33000,14.00000,21.00000,19.00000,14.00000,19.00000,19.00000
194.34000,8.00000,20.00000,9.00000,17.00000,9.00000,9.00000
194.35000,16.00000,13.00000,16.00000,25.00000,16.00000,16.00000
194.36000,6.00000,13.00000,12.00000,14.00000,12.00000,12.00000
194.37000,16.00000,20.00000,15.00000,22.00000,15.00000,15.00000
194.38000,9.00000,10.00000,11.00000,21.00000,11.00000,11.00000
194.39000,11.00000,17.00000,11.00000,17.00000,11.00000,11.00000
194.40000,18.00000,13.00000,9.00000,18.00000,9.00000,9.00000
194.41000,15.00000,18.00000,10.00000,21.00000,10.00000,10.00000
194.42000,9.00000,18.00000,14.00000,29.00000,14.00000,14.00000
194.43000,10.00000,19.00000,15.00000,24.00000,15.00000,15.00000
194.44000,16.00000,15.00000,8.00000,18.00000,8.00000,8.00000
194.45000,9.00000,16.00000,7.00000,19.00000,7.00000,7.00000
194.46000,7.00000,17.00000,14.00000,18.00000,14.00000,14.00000
194.47000,9.00000,16.00000,15.00000,21.00000,15.00000,15.00000
194.48000,7.00000,21.00000,7.00000,21.00000,7.00000,7.00000
194.49000,14.00000,21.00000,12.00000,15.00000,12.00000,12.00000
194.50000,8.00000,17.00000,9.00000,23.00000,9.00000,9.00000
194.51000,15.00000,19.00000,12.00000,13.00000,12.00000,12.00000
194.52000,12.00000,16.00000,9.00000,17.00000,9.00000,9.00000
194.53000,14.00000,13.00000,12.00000,23.00000,12.00000,12.00000
194.54000,10.00000,15.00000,11.00000,21.00000,11.00000,11.00000
194.55000,12.00000,13.00000,12.00000,19.00000,12.00000,12.00000
194.56000,13.00000,15.00000,16.00000,19.00000,16.00000,16.00000
194.57000,12.00000,16.00000,13.00000,20.00000,13.00000,13.00000
194.58000,11.00000,16.00000,12.00000,20.00000,12.00000,12.00000
194.59000,9.00000,14.00000,15.00000,12.00000,15.00000,15.00000
194.60000,8.00000,23.00000,12.00000,17.00000,12.00000,12.00000
194.61000,10.00000,14.00000,6.00000,15.00000,6.00000,6.00000
194.62000,12.00000,20.00000,4.00000,21.00000,4.00000,4.00000
194.63000,15.00000,17.00000,11.00000,19.00000,11.00000,11.00000
194.64000,10.00000,18.00000,15.00000,18.00000,15.00000,15.00000
194.65000,16.00000,16.00000,9.00000,11.00000,9.00000,9.00000
194.66000,14.00000,25.00000,10.00000,13.00000,10.00000,10.00000
194.67000,9.00000,9.00000,9.00000,20.00000,9.00000,9.00000
194.68000,12.00000,19.00000,14.00000,20.00000,14.00000,14.00000
194.69000,11.00000,12.00000,14.00000,19.00000,14.00000,14.00000
194.70000,10.00000,11.00000,10.00000,17.00000,10.00000,10.00000
194.71000,17.00000,27.00000,11.00000,22.00000,11.00000,11.00000
194.72000,12.00000,14.00000,17.00000,11.00000,17.00000,17.00000
194.73000,8.00000,17.00000,12.00000,16.00000,12.00000,12.00000
194.74000,13.00000,9.00000,8.00000,11.00000,8.00000,8.00000
194.75000,9.00000,23.00000,8.00000,15.00000,8.00000,8.00000
194.76000,11.00000,16.00000,7.00000,13.00000,7.00000,7.00000
194.77000,9.00000,11.00000,12.00000,10.00000,12.00000,12.00000
194.78000,11.00000,17.00000,11.00000,20.00000,11.00000,11.00000
194.79000,11.00000,19.00000,6.00000,17.00000,6.00000,6.00000
194.80000,6.00000,11.00000,6.00000,20.00000,6.00000,6.00000
194.81000,9.00000,8.00000,13.00000,17.00000,13.00000,13.00000
194.82000,13.00000,22.00000,8.00000,22.00000,8.00000,8.00000
194.83000,10.00000,12.00000,14.00000,15.00000,14.00000,14.00000
194.84000,7.00000,17.00000,10.00000,16.00000,10.00000,10.00000
194.85000,13.00000,14.00000,14.00000,15.00000,14.00000,14.00000
194.86000,10.00000,15.00000,12.00000,12.00000,12.00000,12.00000
194.87000,9.00000,16.00000,11.00000,15.00000,11.00000,11.00000
194.88000,8.00000,13.00000,11.00000,19.00000,11.00000,11.00000
194.89000,6.00000,15.00000,10.00000,13.00000,10.00000,10.00000
194.90000,10.00000,13.00000,11.00000,11.00000,11.00000,11.00000
194.91000,8.00000,13.00000,9.00000,17.00000,9.00000,9.00000
194.92000,7.00000,13.00000,6.00000,20.00000,6.00000,6.00000
194.93000,10.00000,17.00000,10.00000,16.00000,10.00000,10.00000
194.94000,7.00000,10.00000,12.00000,19.00000,12.00000,12.00000
194.95000,10.00000,13.00000,12.00000,21.00000,12.00000,12.00000
194.96000,6.00000,12.00000,11.00000,19.00000,11.00000,11.00000
194.97000,9.00000,14.00000,6.00000,22.00000,6.00000,6.00000
194.98000,11.00000,12.00000,10.00000,15.00000,10.00000,10.00000
194.99000,9.00000,13.00000,9.00000,31.00000,9.00000,9.00000
195.00000,4.00000,25.00000,12.00000,11.00000,12.00000,12.00000
195.01000,8.00000,20.00000,16.00000,14.00000,16.00000,16.00000
195.02000,15.00000,7.00000,12.00000,14.00000,12.00000,12.00000
195.03000,7.00000,15.00000,16.00000,13.00000,16.00000,16.00000
195.04000,11.00000,17.00000,7.00000,20.00000,7.00000,7.00000
195.05000,5.00000,12.00000,11.00000,14.00000,11.00000,11.00000
195.06000,11.00000,15.00000,10.00000,18.00000,10.00000,10.00000
195.07000,12.00000,7.00000,15.00000,10.00000,15.00000,15.00000
195.08000,9.00000,17.00000,9.00000,7.00000,9.00000,9.00000
195.09000,5.00000,11.00000,15.00000,23.00000,15.00000,15.00000
195.10000,12.00000,15.00000,13.00000,16.00000,13.00000,13.00000
195.11000,12.00000,15.00000,8.00000,14.00000,8.00000,8.00000
195.12000,5.00000,22.00000,13.00000,15.00000,13.00000,13.00000
195.13000,14.00000,16.00000,10.00000,22.00000,10.00000,10.00000
195.14000,11.00000,14.00000,5.00000,13.00000,5.00000,5.00000
195.15000,7.00000,11.00000,12.00000,12.00000,12.00000,12.00000
195.16000,9.00000,13.00000,18.00000,11.00000,18.00000,18.00000
195.17000,6.00000,15.00000,9.00000,16.00000,9.00000,9.00000
195.18000,4.00000,14.00000,13.00000,13.00000,13.00000,13.00000
195.19000,5.00000,16.00000,12.00000,18.00000,12.00000,12.00000
195.20000,11.00000,13.00000,10.00000,9.00000,10.00000,10.00000
195.21000,11.00000,9.00000,8.00000,18.00000,8.00000,8.00000
195.22000,8.00000,12.00000,8.00000,7.00000,8.00000,8.00000
195.23000,9.00000,7.00000,10.00000,13.00000,10.00000,10.00000
195.24000,12.00000,14.00000,9.00000,16.00000,9.00000,9.00000
195.25000,7.00000,13.00000,16.00000,16.00000,16.00000,16.00000
195.26000,5.00000,10.00000,9.00000,14.00000,9.00000,9.00000
195.27000,8.00000,19.00000,14.00000,15.00000,14.00000,14.00000
195.28000,8.00000,10.00000,8.00000,12.00000,8.00000,8.00000
195.29000,8.00000,14.00000,10.00000,8.00000,10.00000,10.00000
195.30000,8.00000,11.00000,6.00000,14.00000,6.00000,6.00000
195.31000,9.00000,13.00000,13.00000,13.00000,13.00000,13.00000
195.32000,12.00000,12.00000,10.00000,12.00000,10.00000,10.00000
195.33000,9.00000,18.00000,13.00000,6.00000,13.00000,13.00000
195.34000,11.00000,9.00000,10.00000,11.00000,10.00000,10.00000
195.35000,4.00000,6.00000,5.00000,12.00000,5.00000,5.00000
195.36000,9.00000,19.00000,5.00000,14.00000,5.00000,5.00000
195.37000,8.00000,10.00000,11.00000,13.00000,11.00000,11.00000
195.38000,11.00000,15.00000,10.00000,4.00000,10.00000,10.00000
195.39000,8.00000,13.00000,3.00000,15.00000,3.00000,3.00000
195.40000,9.00000,5.00000,13.00000,8.00000,13.00000,13.00000
195.41000,7.00000,11.00000,10.00000,12.00000,10.00000,10.00000
195.42000,7.00000,4.00000,11.00000,13.00000,11.00000,11.00000
195.43000,9.00000,12.00000,8.00000,9.00000,8.00000,8.00000
195.44000,12.00000,8.00000,10.00000,10.00000,10.00000,10.00000
195.45000,13.00000,14.00000,9.00000,14.00000,9.00000,9.00000
195.46000,6.00000,7.00000,17.00000,20.00000,17.00000,17.00000
195.47000,13.00000,10.00000,8.00000,15.00000,8.00000,8.00000
195.48000,13.00000,9.00000,14.00000,5.00000,14.00000,14.00000
195.49000,9.00000,13.00000,14.00000,12.00000,14.00000,14.00000
195.50000,10.00000,8.00000,8.00000,11.00000,8.00000,8.00000